PC1,PC2,PC3,PC4,PC5,PC6,PC7,PC8,PC9,PC10,PC11,PC12,PC13,PC14,PC15,PC16,PC17,PC18,PC19,PC20,PC21,PC22,PC23,PC24,PC25,PC26,PC27,PC28,PC29,PC30,PC31,PC32,PC33,y
5.16621961934138,3.7866679129404845,-6.137783411323485,0.3239574248139193,-3.021661266057632,1.9520738394418709,-0.5868280306993362,-0.6812578544507062,-0.5010893127107662,-0.829183117147566,-2.3838003706461683,-1.0325276071003262,2.4186265671115477,0.4236965256075769,0.12107526335359221,1.022751783432841,-0.46628174345535967,0.24511448539924321,1.2704830391373052,-0.370209064166503,-0.2278719634480461,0.9434485605679642,-0.346268941588121,-1.0098128083167959,1.2801443921235853,0.5775533533005001,-1.7646092750089293,0.7063960055313816,-0.5933996232910412,1.9918660150976055,-0.45842148821617484,1.1359993103398813,0.016639619226300004,0.0
0.5073998482385556,-1.7178999854059294,-2.8003051429696466,-0.1538308375765317,-0.7102601348003986,0.9626074598484292,2.5517997931765684,-0.07286715096759903,0.14670249984973696,-0.24732876125409517,0.1588014248699993,1.287900381558102,-0.14755532128996365,0.31240070021098043,1.3588749849080102,-0.35558833957905855,-1.1391329208623948,-1.736235863248071,-0.77800624794427,-0.8628320991443775,1.3604915934028075,-0.3474571165976679,-0.8242166492630827,0.8715116256613895,-0.46587259651703994,1.2209242426367124,0.5899877348028296,-1.7226388782499584,-0.17671283606028684,0.415091326286153,-0.06205790932391121,-0.6005066576324843,0.06308343605413794,0.0
6.390935866073525,-3.6486282706197217,-4.162390526987369,-0.7157439456795051,0.4671863093500265,1.0624473771669194,0.039431824634908685,-2.038720384476171,-0.806041599988968,1.0986358005301418,-0.983877220242814,1.612104884631544,1.1601274106044155,1.2156590241438714,0.2260008938875272,-0.08185576850120369,-1.5381509023748683,-0.6216337036060883,0.5977965771219624,-2.1854465906378833,0.7443691432277703,-0.4009594996367355,-0.5158324614172717,1.4915040473823369,-0.1292224561430084,-0.34294968480509647,0.07477759254400844,0.10628451995440177,-0.10368118708122825,0.9934832139422544,0.3428081885267989,-0.618557001105958,0.3224228476218125,1.0
2.485538033715556,-4.2426859117632025,3.245200964011882,-4.697445279581753,2.191937826161446,0.19837232857957598,-1.3034683451091549,0.7568904908530042,0.5851474508591764,-1.4073485598914273,2.5047520021061627,-1.2609721319773206,0.09007503795829659,0.4676243435091653,3.643740105294233,3.304367963928675,-2.6071194607739896,1.8067347393870856,1.1358198129956738,0.623694179354001,-2.0335046512135353,-2.937029156646956,-1.1179407602423461,0.24714325423144257,0.2986454213533934,2.081480823527745,-1.124930048382914,0.2895027165155075,0.21045623727960122,0.5028345253002554,0.6181900032229348,-0.9559474396846821,1.118133864923312,1.0
2.5816790122982574,-0.030222196225423745,0.07704417605706691,-1.6529013338531728,-3.420835145963679,2.350287457326803,-1.2328577439038413,-0.320181971120852,1.1877316374703244,-0.6159466355442291,-3.548891708953535,1.1652169417080254,2.493817332845495,-1.2265060516238888,4.836398272370601,-1.9487499759691354,1.7340857709242994,2.316503355663342,-3.2511459025807254,0.12800969993969302,-0.21848205475858595,-1.160524115247619,0.40249620136974157,-0.4937350907505151,-0.12183145952748944,-0.8131686318723853,0.8858881100828483,0.20523740772165122,1.0043946713696088,0.11539540880626784,-1.0144395103071655,-0.8805571890805801,-0.5444434122334711,0.0
29.417530530142894,7.728749719529758,-3.718089669467186,10.378352066204785,-1.9617167896134617,-0.6988724558848691,-3.4854507809479816,6.173099311837868,10.271803567763714,-4.466781106590189,3.324395555061907,2.2378308711495394,-2.1936763710707208,0.680779921929344,0.3956977040535745,0.5105930324744761,0.5998618157161705,0.9677602151412402,-0.4473648041827673,0.9740897731006246,2.7143738217881763,0.33242652231330355,-0.7393531431629766,-1.2387236199982072,0.3552342251576538,1.738478871839426,-0.7277167459081518,-0.21750918871134045,-0.42801304717046273,-0.6026339211619706,0.4576575024256122,0.6089922673325688,-1.6602069492964733,1.0
0.09081058010477659,-5.643954827616395,1.8294684255688094,1.4343487844366207,-1.8850791501130821,1.7204361552151857,-3.792855032668278,-0.49956003995505255,1.1922032092535766,0.6746941945820057,-0.38743478660558206,-0.6707601794600254,-0.13915211643098602,0.45234233245859257,1.2546458802234652,-1.6773654075587465,-1.4061755993674045,0.4717653354764134,-1.614263736419216,-1.3480887120227267,0.16957733339820893,-0.5201633487491176,-1.6126687515807143,-0.1946925896033689,-0.9464529829647788,0.0656618396468851,0.7448721555265396,-0.34197798963337767,0.11666511941365515,-0.4248459251863532,0.19309717622910552,1.1882617357612346,0.6212488464235317,0.0
0.22853490415856334,3.1315360505392227,3.047140904829701,0.3886429921494914,-2.642817810247413,-0.42095725619345115,-3.0210454563182663,-1.8400150236709027,-0.7981140655673008,-0.7121790244478621,-0.5811397446861589,1.3411339199183339,-0.17455380086743577,-1.0262833830881257,0.42663087719309023,1.9531755207523,-0.3324721867925728,-0.7038626315389664,0.557880211045444,-2.1136835119280213,-1.392178328686697,-1.49145590733549,-0.17121160410018052,-0.8003965931774797,0.9116200083615924,-0.6235023716968596,-0.08585082573894151,-2.4191437005557375,1.3578921303266653,-0.3854897465239938,-0.7663379018270224,-1.4914958651884198,0.5326222855461491,0.0
-0.11158871681081688,4.053375462300944,1.3140103790648474,-0.6889115007993002,-1.9760049035754697,-2.7226782102780094,-1.0910743552597175,-3.366414410052768,-0.6440566652283238,0.42666746199301,0.5828887179141871,-1.3023800134479226,1.515137585434147,-1.5892524250717541,-0.3996913333980815,-0.8574111339216091,-0.1446497403034683,2.666809572367982,-1.654054086396316,-0.07587876327515525,-1.5033580465581828,0.12725016469414943,-0.07924476263710875,0.39023755202444654,0.4219704727639661,0.7049244568464436,-1.4302349715291136,-1.8170930174360949,-0.2610776097073976,-0.14639637305665767,2.52476608007057,0.42852719608802237,-0.6525414921753271,1.0
3.712751408308826,5.361916967735169,1.9360933562555527,-3.06866025645542,3.707563228308951,0.3310522311184084,-3.1635710314777525,0.7776527641260328,-0.1021121946096237,-1.748230744665846,-0.19071420399506425,2.0728518924636252,2.0084000669166393,-1.3498907213567417,-1.5420653489649425,-1.3294456009091866,-0.5455971235008512,-0.5766058253849211,-0.705070198784531,-0.786671875340494,-1.8090727315715163,0.5726998975351753,-1.7733970088935223,-0.7319191971627547,0.23348193950984852,-1.6471315881408513,0.28555614356042636,-0.8093167402273528,0.334500004421721,1.4690739966372364,0.4180341776548425,0.041508264733226226,1.3752418980542775,1.0
-5.540203677270093,-0.7636840747763065,0.9983928648914979,0.3585240746736686,2.210765161339323,-0.41132956903334755,-4.09344173664496,-0.37119802809646274,1.7235174197318615,-0.30392442671211106,-1.5766799961005131,2.512795251510565,-0.8188252775044147,0.955677986473291,-0.2629151307052962,0.31744111574982453,-1.1255441383131084,1.651334805214427,-2.4496541690232774,-2.038280150651158,1.481298678888307,0.4254490559886097,-0.9321755487039631,-1.0519808911289552,-0.42013628079700416,-0.8843201714951788,-0.7159968989974895,0.24241932604620503,-0.14611381658522313,1.22307437381966,0.6603961071189454,-0.8502651427898547,0.4424447450068522,1.0
1.8470590837323468,1.8922466266082145,-2.3211356582885982,-2.2501937396909666,-1.0356024452126014,0.13830069902386127,3.478007176622205,-0.6279666233578155,-0.3248293328498413,0.11251309552799592,1.0779960177157109,1.2549413832317793,0.9782801219935322,-0.33685009448756137,1.0220645954438614,-1.8017888441448338,-0.7909779185175623,-0.3460962203259014,0.1936704068193832,1.19370576705199,-1.2827191077160203,-0.08668090138006977,0.7293195545245255,-0.5335453275928003,0.8881262743626662,0.2501436967533226,-0.6201734296939863,-0.8883213706249026,0.14787118666999982,-1.1147342355901486,-0.9118779346617972,-0.5275949872737218,0.8607259069801604,0.0
-3.3961017142101517,1.029716398819854,-0.7658646901996783,-1.8194492936453115,0.517314485669843,1.173705639014886,0.662035587298487,1.9661013231404851,0.28054119396536026,-1.6640614926153292,-0.5862763407601892,1.5898323375467123,-1.9256081312792102,-0.8821733431061335,3.9703192720269866,0.4769186684822676,-1.3992694499557927,0.5874998963669193,-1.0499358507118157,-0.9935428312440974,-0.2521519741534856,1.4646602037311425,1.7698142133388772,-0.14170566214738728,-0.6495502988881257,-0.5667964370268145,0.9134489257114817,1.3923627838794306,-2.2337359661720715,1.4281119885712055,1.1622796898037107,-1.0532316346800323,-0.3641744804340123,1.0
-0.025928353266823228,-2.1537012893074805,1.859934486959422,-2.1038034890523933,-0.7675009815117845,0.1547626425045597,0.34519908928425963,-1.4912024591289768,1.2067428142289094,1.121584490160084,-1.2754927378443601,0.1474304611714738,0.868196297801698,-0.6469182151873589,0.9740405120362692,0.8239928779689929,-1.8312293751866668,-0.49761607767788624,0.17235438574479564,-1.2017221695024818,0.3720526103739869,-1.5433408794755514,-2.86363244369295,-0.8575689180137679,1.0910287497911695,2.0322121483727895,0.12592047981215,-0.719657402517115,1.9218245014696436,-0.3954164993809229,0.19277241711295418,-0.32217896956029596,-0.9352832914399607,1.0
-1.9587455740078457,1.9363361397209886,2.4026189675544627,-1.084049661061964,-3.0782296197549237,-1.5383741043291324,1.1522268576599055,-0.692425187064202,-0.9332578024141872,-0.6104797952935708,3.530188632435459,2.758599978050499,-0.36866519706881795,-1.7576445350068204,-1.1536775216834754,0.42336645072723306,-2.8253662323671045,4.00369691444379,-0.48447211948084173,0.13856895352984777,-2.6171112042396873,-0.3875487081360515,-1.1329103971351349,-0.7563499741106434,0.3967510395168498,0.4197825436681352,2.6398658022394508,0.6591305410228112,-3.119521613727074,1.5405358123184758,-1.034244428679979,1.7686331338232257,-1.5118002510977602,1.0
3.0053215188626257,5.425158473068676,-6.912183638351231,1.4808607509506586,-2.1657080875218586,0.6037883426851203,-0.39183666622219465,-0.6582176974040596,-1.7544328148721797,-1.8166687782214046,-0.9888314759057676,-1.2745389394392928,2.2517064123017643,2.196586301587336,-1.7445682958737632,1.0397269775786522,-2.441072350190105,1.7833177508202027,1.1213204729036184,0.8122007493898745,-0.09005163869759662,0.10902854788275596,-0.2618698381435532,0.07536600353273223,2.297505346425271,-1.7479694636268295,-0.1632578994849523,-0.07422421592459659,0.4350238011427886,0.6480928045786879,-0.16865302150229897,1.3985851093807324,-0.1408908296729647,0.0
-1.9252204733704918,-2.8552899275708503,-1.8358971099266999,0.6884426680681462,-0.3253652251756249,1.7769571684045926,0.7989232755848731,0.3908610870390059,-0.7088015236171508,-0.8004858367660683,0.4189646555310613,0.683280320695944,0.21274281965420336,0.20155306144371557,0.7692109024444723,-0.6373381931409238,-2.188090704234598,0.27601308358971505,-0.5329556530190067,0.29393672154254685,0.5924256435238235,0.9569933794204004,1.9991130798671246,-0.639425935738762,-0.056160901179423635,0.5717905670473299,-0.75353028207661,-0.6053294469958201,0.09150696477142671,0.6347459972993704,0.19698996477977532,-0.804469310164778,0.6146474094987336,1.0
-0.2441153939567535,-0.2688488685023161,-2.9021117102300895,2.4709952342378814,-2.75761999139542,1.8252495400298676,-1.7566185863307286,-4.6783871619954605,1.5773102265253278,1.044353020511016,-2.990628677471771,-0.32142513443016535,5.58712949856884,-0.9131986013342807,3.9482843810228396,0.6306665700672351,1.3572319195370643,1.5733506829183355,-1.4271407846243074,0.9161756108404944,0.6067328448150555,-1.449874989759907,0.1464223352096268,-2.083256181780494,0.21591141504645686,-0.10248006811441053,-0.3078695091941274,0.2613378379061491,-0.4541197952573534,-2.4476402223786393,0.5781821143413156,-0.6079584631323126,0.24311144315507086,1.0
2.8738969678827515,5.53489976312175,3.953198293388993,-2.431267712456044,-1.4400203248229226,-7.0335843441277355,1.7145933646646385,-0.5787327787400871,3.918618400807354,-1.3129169636680216,-2.2504748120463303,-2.669596064905714,-0.7302489293425156,1.5559752120996106,-0.027596292283279443,0.619744096240455,-1.1416803226736791,-2.3478583786768152,-1.3612190201269359,-1.0956296777595798,0.43607650951491334,-1.0572466507835088,1.4934771608675979,1.5798494734710542,2.6258939330829443,-1.2551461685339274,0.10034089261642362,-0.31295902366694,-2.908809534210786,0.22225302633548447,0.4328140291183989,0.3960532439261856,1.0175427838908366,1.0
-9.419696576190505,6.176452163015718,-0.08150220612856779,4.149896186642427,3.7935482987182296,-2.975728736289694,-4.14501758627625,-3.3685746589910526,3.5042530089931763,2.288878929575086,-1.944047146016855,1.0413334144221709,-1.081909281024939,1.1398478390377302,4.910907198382484,2.423977167396627,-1.4862775742350747,0.9202365992642975,4.225279996650848,1.3671565369285472,-2.594215823299348,5.311349617589159,-0.7748117327733984,3.5850734266079956,-1.4452110627910617,-0.09364983815874897,-0.24053947551053007,-2.8867392472657003,-0.031801583917351495,0.09204556731552038,-2.020052145804937,1.6643895418003467,-0.2546398166415598,1.0
1.7119840306975098,0.6886550858537989,2.088916556678078,-2.513306190338831,1.3873641296451829,0.8634222926839019,-2.2244077826982203,0.447628822996003,-1.2738648861226987,-1.767332283064104,4.184518933764408,-1.506414158773094,1.69237666934834,-1.2540676634034413,1.2747039507632874,-2.6280562830022234,-3.5846637965013652,-1.1415896800586607,2.7355124209952684,0.36224460932650643,0.22364363830874723,-0.05252840834622323,-0.8446304855233254,-1.4179376887314328,-0.6042665070331686,-0.16908708150940835,0.2947990403222191,1.337714273738834,-1.6484923581158113,0.6039763031536617,-0.6868201527660721,-1.0101870878415422,-0.8684719747848436,0.0
-4.905624773072135,1.588286367323427,0.9839066237111538,-0.5939778700223998,1.7222855176207816,0.01895932318581712,-4.102005353927736,0.07854905262448,0.13058502232602054,-0.4314848210702513,0.6893346616694509,0.5920278253410897,-0.7704928131280813,1.3076022347506957,0.27657444106160073,-0.8854980299144494,-0.6841360540026324,1.1027402647796283,-1.0388846417848427,-0.2717050222040087,0.8867875526328018,-0.17270493749928384,-1.4282316880307766,-0.6218178255412318,0.17185723595284466,0.14324158572415785,-0.11058017484664491,0.005545641772804399,0.09475978817527958,-0.03355703345940458,-0.5540292620592401,-0.83621134828998,-0.7414363348764114,1.0
3.5269285785290756,0.3124321421924552,-2.8192183701257103,-2.321563955038772,-1.259764860072674,2.61836534626912,0.7969658770137468,0.278286717625465,1.2623724843793918,-0.3642301504781784,-1.189602818745776,2.429942049500532,1.6381804399293132,0.3998395265983126,1.2430732100201958,-1.3370044539111503,2.00271003654093,1.77434439116378,-0.7855315179982311,0.7608826341928051,-2.0714125516615316,-0.8284420774729472,0.39234963095938735,0.23064632639579044,1.2231503597098259,-0.14073061038357487,-0.15530461216677482,-1.2582366810483634,0.5611947681601128,1.1895541471307844,0.3119519862578379,0.40191330102946227,0.9727023349102556,0.0
0.8392434528519616,-5.261883795558975,1.838482668212122,-3.544859506592383,2.377285662166829,1.3445655796512643,-2.1364090634487987,-0.24664627178133303,1.2570894946058138,0.8206409444165539,-1.0761457962006935,2.805104832746832,0.9750150550863455,0.6697545557110279,-1.379449431556056,-0.07476876949312462,1.3770741488947016,-0.14439237451594544,-1.2416158682601361,-1.2385434511330025,0.2857908902963978,0.005958305241014482,0.0522435722703036,-1.2494800471819183,0.059838560729951126,-0.6865416757131669,-0.7807950227936842,-0.8927658749702082,0.949443823247963,0.658279077148062,1.4138233657631307,1.1397657552778067,-0.5789044703100763,1.0
-1.0056126270491632,0.7966436727294718,-1.7622747073360405,-0.4022687123033718,0.12802217562585858,0.7688840189062097,0.9693882084463558,-0.9414207362392721,0.09986807216739672,-0.11050985940336674,0.6987965330673424,0.37858629888217565,0.7336537737346656,0.44929859287828705,-0.3354660936721285,-1.4030252909265797,-1.2028658155344585,-0.4296065458353762,-0.061266039075998945,-0.4544277270052045,0.4492104740238272,-0.2819809139277067,1.1456278177297423,0.6062946884639371,-0.2300511555748599,0.41453236459552273,0.5178088524387998,-0.3494194177758396,0.13289398516655007,-1.4501530656472663,0.3960637875254154,-0.5858713242385564,-0.10772724961857356,0.0
-1.9658634529444396,-0.18422002075272537,-2.464328511062184,2.5039714596200007,-0.7951232359605496,1.0999983681401717,-2.9503861884117035,-1.578609571446304,-0.05719975289087456,0.9309091847490212,-1.5078146333097167,-1.8701139037513272,-0.08138922516447578,0.6767710974168565,0.6038178958160237,-0.4072231081609712,-1.206554424704127,-0.3664901751628128,-0.27866873406247467,0.8068825157170809,-0.6080827977515051,0.6383142011583713,1.2263646507574142,0.8214404450782987,-0.955465404189258,-0.1209610855725418,0.3790909172919525,0.9367086614540908,0.3763113681714064,-0.46187228481937354,1.4879294175674878,-0.21215657349311154,-0.06088483952307011,0.0
-0.9187759855272898,2.027736853026925,-1.7733803426236374,0.4738810793594997,2.1540406439058546,-0.19842439736834858,-0.6422342382076384,1.6458452038312135,-0.43695691388762403,-1.0185156466425123,-0.7682026909398566,1.1996802880866135,-2.0163722295308752,-0.05329754718644761,-2.211745213551501,0.6021089055891586,-1.4642094846580247,0.6210959078429088,0.12613122728712833,1.5819416305703227,-0.11005032763767485,0.29489336091403995,0.6521608062704998,0.14498395238486195,-0.3622880571038366,1.6403847986105329,0.8101074120454355,0.5439292313905945,-0.03606524796596501,0.9418326030762082,1.3146427306767288,-0.29820149076888747,-0.2283564507582734,1.0
-0.6547136776696408,-0.3127550890382271,2.2564111398496656,-0.5283121166445073,-3.459337523102257,-0.09481443647232889,0.4203001926814937,0.3247960430653491,-0.6725817431637853,-0.13189729107209663,-0.3094040909052989,0.8850774956862788,-0.13717050472726985,-0.001915393466170352,0.2492488298174691,-1.1548682743129275,-1.5638523368848818,-1.7316547870898835,0.29610694162383305,-1.1241054294921748,0.11658996528400006,1.156520746669258,-0.6814385894218639,-0.6096926510317724,-0.26416513937622604,0.22092113512468667,-1.682426393197512,0.6642188956696197,-0.5867443582397044,-0.1463462457739546,0.18407682711544562,0.6428908929932281,0.3924406202352693,1.0
5.287564829818918,5.013456558894553,5.926255264550054,1.2335211663633778,-4.459098136700284,1.2286531064784407,-1.799552654386587,1.3199849379260244,-1.8699333701142669,-1.8667295649760236,3.3142184544728726,0.8279464294072335,-1.0406374133438305,-0.30281593187047257,1.366451241614049,-1.0150766913135958,0.017170054571781695,-2.1978523021642737,2.1515488906326703,1.1828024187877566,0.6389812521777607,-1.1710489334819452,1.7246112366089148,1.3803692190078662,-1.3463833403211316,-0.3587744117688053,0.7009050783034315,0.7909811701200757,3.680401139189814,0.7508183164000022,-0.7858978726946083,-0.4663345036330403,0.26553980981166486,0.0
0.5550628200177167,-6.544166637668062,-1.8499337142874634,2.252978285303652,-1.9433549456814043,2.3091915905685894,0.4843654443591916,-1.5373132265032428,-0.4328324893707885,0.39878611451477286,0.3365821903605141,1.0286104932581017,1.0994255827748363,0.08273243838747427,-1.792788403247219,0.5275124593644487,-2.4898633137793267,1.4254178765011138,-0.9142555867495468,-0.14767202881198924,0.0762756828582543,-0.026444907318314628,0.11737019738413405,-0.25858594784492267,-0.17822611759518042,-0.2762628494313284,1.7920486255727688,-0.2889328682677375,-1.9785983774818596,0.8555867577704895,-0.11317953406231653,3.0095191182808447,0.20070183842243397,1.0
1.643480431516109,-7.3037663921383835,3.8361190311771742,2.1173465684306607,-2.7132457172745967,0.5008585230459772,-2.046309659594147,-1.8110484082142642,-0.46898456552944934,1.5738445690330114,-0.03979628000685209,-0.615112525354355,1.8260686528831753,0.8606996565145877,0.03359288315971877,-2.176109634656463,-1.5007912118313946,1.038165635197996,-0.29663631768050963,-0.3039564769086564,-0.4926793960966847,1.771831782825926,-0.7852327457197378,0.7211823408599488,0.10925595781407536,0.678501327777696,-2.014786119550785,1.5218322935117614,-1.2660043482988614,-1.0502846818391434,0.6883274350950842,-0.5666828926903104,-0.2935272452429316,0.0
-6.248927771281979,2.9712897614240052,0.3689007012469331,1.1281189459714933,2.3915613364791306,-2.1427346802007223,-1.095280026160422,-2.246110211008092,2.6600953223697203,1.1799645668161414,0.34644423892921006,2.391831058907634,0.6645390459750272,1.5626847861177826,-2.116643891154318,-1.0678942929567652,-0.026687651040760846,-0.3845609770728823,-0.45790018876648586,0.625303471588584,-0.2619713082712538,-1.1075747813466392,-2.272555044933348,-0.7267611821530497,-0.4842770093279901,-0.7605024881782562,0.2418015542950878,0.5903319545588173,1.0517162380310963,0.9667077971635413,0.5892608033255082,-0.4112534060020932,0.20663859821723407,0.0
-6.934548849140122,7.780788860011279,-1.8448780973658492,0.2598065872076168,2.0697507844198064,-1.4219929295415885,-1.409846469809107,-1.7268468257294023,0.9935569309195454,-0.9221005267681729,0.315714111928829,0.22791266966688103,-0.020771093399005396,0.9484126708947301,-1.4052316506332925,1.1124868613661554,0.3112452874804504,-0.7161812305288222,-1.62406017781655,-0.6278677092884928,1.0888548084753333,-0.9419888322699358,-0.22871504596505995,0.6954515672167584,-0.3483230675869273,-0.46064758141678624,-0.09186838193260775,-0.8728915450478476,-0.7010373899532886,-0.9317307112393958,0.26401657218615343,-0.7149154285357433,-0.0036915773896895676,0.0
0.32828955232120194,2.253717181258716,-4.008143084809735,0.21262867770722998,-1.0878169158017632,1.7116266268424754,0.1734635553273433,1.5072431799479171,-0.639528554372251,-1.472973067612596,-1.852994109737804,0.8801949954423883,0.2375300017937152,1.428058623935883,-0.8637468160108257,-0.29228799282308543,-1.783691044051057,-0.3246360844707417,2.8434270100047585,-1.4900585711775751,0.37787134427069174,0.5705377773867666,0.1424650407342961,0.01955267427996825,1.4082739010767071,0.1930036782121797,-0.19369496270686537,0.529026571847346,-0.32486294860698267,-0.5634030354183839,1.0495448665002756,-0.14603300160554447,0.3701035604143076,0.0
1.4238758429341516,-7.231625526086846,2.98191922610134,-1.2045757072732735,-0.4622811181755924,-0.3856326250170182,0.00111059389782502,1.0843179594608285,0.7124205099329409,1.1251324815613775,-2.3113442569959632,0.7621445953579368,-1.0001027232123507,1.1938170464089664,1.025217173510862,1.1615663702212051,-1.6673289044156625,0.9200360891111492,0.9243048409705327,2.339060957235546,1.8123550429474549,-0.28165246441613895,0.43831327326287595,0.9853104817944613,1.2468980434076475,0.9026862837410196,0.17141396860779715,2.0217675049788193,0.5084632673828225,-1.5346739986257727,-0.9296610787072467,1.2239885580786702,0.1821760042661392,1.0
2.455950405791231,0.07032944237983614,2.736631442478378,-0.7293252641102921,0.6577167810106925,-7.307555067321886,-0.5950927329030111,3.806102771846586,-7.044578324984837,-2.8470954542273765,-1.200396604089813,-2.2394569425678434,1.129565527919508,10.419140040543148,4.2129571243534425,-1.72167645000744,1.2867398203060179,-0.17187575412103598,0.5635830724342585,-0.518082333790909,0.45953116844818925,0.4385061723242795,0.03411477510295692,-3.4140138034343726,1.083521056997233,-0.6940180411462025,3.802034952847443,-1.6960248172334211,0.761610032719977,-0.4374233067666932,0.3117631914703179,1.0157437810787806,-0.9753095239673283,1.0
0.7173248269114625,-0.8213074782629718,3.2975208491805454,1.0361298792882117,-4.063232933794149,-0.2924422995560949,-2.2728489896527955,-2.684309904516097,-1.4547253078836573,0.5858919616896254,0.6989431687514682,0.5786476060083364,0.5708745815506551,-0.14260781303783895,-1.214028301294059,0.5559204922560025,-0.34191507150133876,-0.15337006199091707,-1.3930879060156702,0.10906758370639988,-0.9140056962749414,0.7980953904853966,-0.42703224113777427,0.1314740574328626,0.34414259404958875,-0.01612885089344141,-0.1382625960201049,-0.6977453262482618,-0.6009347050517755,0.2100429996840653,0.46873571821826165,0.12739441605950932,0.01166514933267152,1.0
-4.256834547576514,4.426624082158766,0.055950401817576004,-1.2108354273070019,-1.2379722532606154,-0.8626516308405026,2.052697290903365,0.4737437195617992,-0.6424292731923109,-0.49660516536813787,1.2465002873495858,0.6161733033898893,-0.3343927526420059,0.18199538753610323,-0.5921917719234323,-1.023814496769335,-1.1303654048553406,-0.4045379847122606,-0.08595473396556544,0.10867909141189466,1.2079228972736054,0.38315580429152046,-1.4629550329098684,0.45712821286221506,0.0033946626983179036,0.1530290876113061,-0.4752991095600814,-0.22773921784807694,0.5037635711500141,0.362135936140169,0.10390691682173193,-0.5330821126721741,-0.8336194202653073,0.0
-0.3674781667988402,-0.7921492320516549,2.1395337310439793,-0.9412095005773525,-3.4122632577483336,0.12572450142574046,2.3086993431373966,0.0889082225153243,-1.7018997785758203,-0.8873678763975519,2.3174024794759225,0.9478318865006872,0.6306139183792446,-0.2581657791098007,-0.8305474551864577,-1.2261446000126315,-1.4254340459756063,-0.1813131558243839,-0.5055009998433312,1.0105179482349929,0.21972675079172524,1.504762101042429,-0.3441024374606117,-1.4348426801833454,-0.565251466684133,0.2088744113644248,-0.9181046210581896,-1.0500322497611143,-0.4291120175534666,0.4276141124665867,-1.2862198045404367,-0.47371899776631016,-0.4014537163055488,0.0
-3.0731982260174084,-1.8952624289996385,-1.7936561910852038,1.0991183886374767,-0.16549189098099842,1.2141315645224622,1.79352739184568,-1.0497211921127818,0.12732963447150428,-0.057374726588976896,0.5877286320990063,0.6736835968232587,1.069814937062457,0.6158765130098173,-0.3190892907997741,-0.9803001060246762,-1.8006804343647567,-1.1131220230120455,-0.19725025371861188,-0.7673700285281032,1.3559812983711248,-0.3476540225719986,0.8385204498267014,0.7739597581993815,-0.015589526260524561,0.7096858098413479,-0.48000166338054673,-0.6034999682328885,-0.08949818815124912,0.15227697528771217,0.6115921005879082,-0.10093313570460072,-0.2507350192738056,0.0
-3.783855991638453,0.9925939494749166,0.36185203886510836,-0.30542313744164734,-0.9635841231355701,-0.5663576166479048,2.2174958734973016,-0.5605807764979055,0.25221578012258744,0.25153707192399505,0.6980346910411175,0.5812341355399567,0.6712092606115235,0.1104836698678294,0.20921474427738776,-1.1280854914699434,-1.1798445063003118,0.09034288875669792,0.22639968642834657,0.4280442157261681,1.8803163002863859,-0.0631136393043447,-1.0472396072054158,0.5135433492440238,0.344797723978287,0.27428710427526176,-0.3601234256391234,0.10952768688843628,0.7648280637138024,-0.3851128735080319,0.03394927626946604,-0.5615375049682612,-1.0444750515916839,1.0
-1.4343818123497047,4.1526436079868185,1.22574287532628,-4.128757805401045,0.3827905310212217,0.546685937464086,-1.9097274182697468,2.100301719657131,-1.7255371512582847,-1.945025355571044,0.8589899596020178,-1.6536282654011898,-1.2079393024511096,-1.106021701500956,1.9720914294316012,-0.14290616870813183,1.2287494370637653,-0.7478691310972647,0.5817489605303922,-0.9537685780894535,2.498710760792415,0.4696882083803657,-0.36188929074129755,1.310750217361012,2.264184053485742,-0.9853484492360421,-0.8885230083271116,1.6741184333419306,-0.28250982729294566,0.479356823872124,-0.8894447672340872,0.4159144044788905,0.6544881011486327,1.0
1.8350773808675391,0.8755805108204672,2.1986792628579943,-2.1171745229488335,-1.0917739668650615,-2.1257559261467063,0.6464982084795381,-1.2301728015224935,0.875138772062386,0.014263909317477992,-0.8186686144385174,-0.6282742371442842,0.37296404348145096,0.3469314514156334,-1.1477189171492208,1.2793959085907805,-1.0092015668843135,-0.39971171733833394,-1.0863672695160504,1.2869506311604868,0.9963096220493667,-0.9703169553781196,0.7221609645926339,0.8102981899232087,0.3947344605239996,-0.6483902784161313,0.24398855012181495,-0.902657159918285,0.3389091992491035,-0.7115051386619812,-0.6051191831167221,1.0811757922934089,-0.5319127255073541,1.0
1.2535692492041615,1.195983128697077,-3.1195034364264056,-1.0296062677058297,-1.5230439225937173,2.098202741775299,0.959370221784383,0.939970993338641,-0.0940838225004182,-0.6784904316491113,-1.0895510852588994,0.4850043808035705,-0.3514871364002582,0.778392748659203,-0.7889233119767436,-0.6530641909220143,-0.7953291824044947,-0.13912140075207394,0.2654009712776301,-1.0050241965394147,0.16826009710587858,-0.3515515992321169,0.20508700368228067,0.9916206074263259,-0.43728023590604387,0.13038900317747035,0.2635359218589947,-0.7074148489576011,0.09035149111979464,0.3369888978274427,0.4762369968476239,-0.15308109700094027,0.8177584900747655,0.0
-4.017158382095805,4.913367794043119,-2.119715670436219,-0.5813916781390152,0.13690439884695388,0.27328373318005605,0.4154516820686592,0.5220590434235588,0.1078409921644713,-0.5225302967373879,-0.15954780375060498,1.286628749590828,-0.039042472945629236,0.8001618466151643,-0.681474708159698,-1.4519812726684505,-0.11487664146835252,-0.8824625395743273,0.2115568162625893,-1.0651063914219066,-0.38095285829200104,-0.9014540543561107,0.1368093804280171,0.9317290983798769,-0.28627449136941174,0.36659530533129675,0.20963754653657685,0.14697052078255632,0.07691888541239994,-0.605967730903637,0.814931351182998,-0.38541455188927376,1.1325665685498543,0.0
7.881778462064709,3.505045676485467,-3.969087817630771,-4.198076111987564,-0.49496709550067763,0.6174658025210513,-1.378911623034885,-1.151480852439895,-0.8652148168807446,0.8448237582849776,-2.565225904935157,-0.027294420518530906,0.22493275792858117,-0.771288358771489,1.0436097028511124,2.380620100133335,2.8390399665944464,-1.6694247804300746,-0.3983389339173216,0.6974129582981047,0.29982044857536394,0.9635513376213616,-2.0208286173155527,0.08715462621119538,-1.0737383761564523,0.9516800518899595,0.45968968970357393,0.10522494657274231,-1.435319564157288,1.9039000518432116,0.28714194912382507,-1.271878118903961,0.47224550764030027,1.0
-3.7219048610240524,-2.198365010500274,-1.4375620383230137,0.2434268241263231,0.16081632021825687,1.0963758173275155,3.6916393407731065,-0.3968989831131319,0.2559795278867266,-0.08679237196746332,0.9184598930723403,0.9922767459289981,0.9009330193339161,0.19783289554565425,0.32749183882120025,-0.1639864671014378,-1.209157060749561,-0.7832594163294039,-0.21316058640100793,0.5820900747720914,2.110441250692464,-0.2927696310928314,0.3439409237635814,1.2425349970509176,0.4380303174545712,0.9635511684929433,0.07821207627181428,-0.928070205407133,0.20645144876578303,0.01358097443217318,0.04966299169716356,0.1967488066581375,-0.6709797804104264,0.0
-2.1823171075700865,-0.8805875140723348,-2.115108695898625,0.7164079733847799,0.7548678475177192,0.7260150689712649,1.194400552824613,-1.5333664225260963,0.4165807905932875,0.06143771165407234,0.401009176441665,0.76232579695281,1.0352252992722497,0.9223705178651685,-1.0256678670847763,-0.364032856249716,-1.6472766114299962,-0.8024328894887637,0.13660214715395066,-0.9714133020403171,1.1241945012873253,-0.6226609266597369,0.3649133582992022,0.9875692497540832,0.12278032308512198,0.16870465272483504,0.19001794423043414,-0.25081460731652544,-0.04893291743074031,-0.2852389809026604,0.8876599146426379,-0.30906906647188653,0.15722857530054163,0.0
-3.6121803220224136,-0.03482235473797307,0.09226950598114471,-0.32050113176621686,3.9222089936583204,0.8474891964106914,-3.676055818382478,-1.599141222135109,-0.5380637374177938,-0.8498687516084118,2.1643525901559104,-1.2561265853134256,1.3225453608604263,0.3251098789135017,0.3910035385733723,0.6753676314076976,0.3272710870078649,-2.4771462024109425,0.2048078007753589,-0.4421904635490043,1.2836926948868634,-0.1354713820671032,-0.274225655638106,0.9273094579946749,-0.5661166871012121,0.24328882306154365,-0.15363633730230306,-0.5565209528675498,-1.5746108373197705,-0.9795396505600745,-0.12338808947806996,0.6942072702057402,-0.2782917553422814,0.0
-5.741420564913478,-1.6257263000860827,0.23685041179347294,2.6760513064845286,-2.075200767811211,-0.20110058036423256,-1.1878973039310357,-0.2782647861335006,0.5365673721949116,0.883790216172462,-2.161198808598559,-1.4929418996087698,-1.464240562413133,0.29087304389676455,3.1022700494030664,1.626476419390767,-1.2404062307260009,-2.0887327102187427,-1.4201148745566188,1.1059689981004794,2.0807539227260126,-0.5638541802559962,-1.7192373157648655,0.3689725825414533,-1.4999770291394245,1.2577731070130558,-1.6571027771796214,3.0337562505923605,0.7244137928686245,-0.27333407119192443,0.02947571924956261,3.4206438199956466,1.1362166752281335,0.0
2.4445905026827877,9.212423419691683,-0.5742110443572483,-0.7226955820975559,2.7062096694547644,2.4591125594178425,1.6950216247953724,-2.0788691328853957,-1.4213730716658777,2.687368359108581,-2.852886063269595,-2.1896786356720352,0.04343283236286576,-0.695874191964267,-1.2542772604019825,0.0050940146720568555,-0.27191654201578763,-2.9307429199806925,-3.9046137526956852,-4.123332718639162,-2.2615845438606827,0.5313617368023527,1.133203858558652,-1.558665107833188,0.8902662269126924,5.959076763658349,1.0265987796490603,1.2190739729961675,-0.30454467065143687,-0.43052790293419574,-2.5629012141037677,1.4224202840089983,-1.495466774949147,1.0
-2.3290585315881747,4.607368779698101,2.402742407347229,0.9786530812998262,-4.5161527773436845,-2.2341167219841283,-0.07452033483017746,-1.0580664867495755,-3.424497752169407,0.9071827296043364,1.719844307403869,1.8011401867835213,-1.5252459388720276,-1.8518833453847428,-1.2008485781604614,-1.0153243596380126,0.5331105474156216,2.8380855405481236,-0.19044131793181263,0.6897048500659189,-0.10217478889738603,0.5225787134432045,-0.6091900897065949,0.8770396012322585,0.7412857030100917,1.8487118661400914,0.719347013459305,-1.1175140325748327,-0.15147338176269054,-0.3350012410167176,3.18391080375751,0.8202019479299465,-0.2274877013794993,1.0
-1.9416237857921341,2.711994151346484,-2.441509401909389,-0.9280813763026788,-1.0296713377763578,1.0070929863061888,1.1255755347737932,1.0790078485593046,-0.504360296760838,-0.057664447881301005,-0.6619497441390007,0.6060306096327129,-0.3423845499544224,0.6095451603144767,0.30286004660294413,-0.8950637210302265,-0.8653173488650348,1.684148155306957,0.1433419776629203,2.1040997690538266,-1.0184557720078886,-0.19031560431997524,1.1965509555823914,1.304877711940269,-1.5011050372900536,-0.7423604289105741,0.9871079217758797,1.8019701280233935,0.8093806845289488,-0.9582489976700268,0.3945282029746556,1.0341777837303912,-0.6334261356089075,0.0
-0.0899486127834051,7.382708135889281,0.5753327918124874,-4.015872929794837,-1.5173211801874162,-1.7001429097402248,1.6753227229196546,0.4486071438739913,-0.984218190416733,-0.1744816063036002,1.2006687217756182,-0.5155298926284273,-0.2250898882197463,0.03348408203417952,-1.0620975823889471,-1.7168164051071726,-0.11606280877049885,1.314904128942584,-0.3018347444832056,1.4544122358887435,-0.553586758507037,0.602826287790106,-0.7677240704153613,1.6191029918323145,0.41965726473989096,0.17203038502599757,-0.2288621591086215,-0.49497282574662527,0.9868788422831996,-0.40748567500489896,0.12835430334644785,-1.1625161270186908,-0.5887891478050494,0.0
-0.670389189915314,8.50615122023209,1.1599317035934906,-0.8299012559208546,-3.372516784609235,-2.3050703632762746,-1.0468331137606381,-2.0654297887957895,-0.9610237507283791,0.6487207238771969,0.4692366438933859,-1.8815999578646039,0.2564305521446928,-0.28142897161886865,-0.41548875829401355,-0.5895509167834452,0.0959221087413937,0.7486037360033577,-1.0264839971442932,0.685560659697195,-1.5053293654024933,1.6537668655545674,0.22376093429741656,1.2973352965941976,-0.6615617727208936,-0.699240410079995,0.058847080595445765,0.4131542516749474,1.2189881228111696,-0.3841683865322111,1.5215414488505405,-0.38994802140763596,-1.094395261399363,1.0
4.260090303770681,-1.5590953176600018,-0.7110039469121585,-1.0322904014387395,1.8447128544202522,2.1751168367124167,-0.3725645507991081,-0.43088817562632264,-1.9793129284569329,0.0068736185464906355,0.13109005800628915,-1.4301854128270146,2.0361739902382388,-0.9124069992926962,-0.678785129180291,1.6443409120694732,-0.4913595908147764,0.9088523176948236,-1.412254932005452,5.437499638786608,-0.1754038536059645,-0.22166302407916938,0.9748707692771568,-0.06693983309970283,-0.2560279198615772,-0.25259245386370677,0.9187414648400994,-0.6867934901831094,0.4288270552608361,-0.44181011192397746,-1.1774690495135698,-0.6089830093832214,-1.2045537976099785,1.0
-2.2744131517118307,5.197752341600517,0.8631089275422194,-0.542854052710341,1.386263775759827,-2.5897319450353162,-4.501504841211331,-3.456694440367056,0.9436265308877886,0.9221292887084861,-1.1068506427861293,-1.3617736808681,0.4583769528491927,0.5606682734460482,-2.681538327758526,0.12571367085272733,-1.330942868039848,0.03906230464717954,-1.9570778861887488,1.5968126769077065,0.007633621699593713,-1.2865319917410454,-0.9052078510962794,-1.501111892128578,-0.7665638311143624,-0.7350890934098142,0.8387529040448272,1.7776423621922268,1.0219483726752874,-0.4469715360726943,-0.7782907689821982,-0.055505358388926236,-0.6962603925033273,1.0
3.7483559539997944,0.7555295244849396,3.489266758276862,-3.4331366644104713,1.4005575097793053,-4.31102937908521,1.2390112811616045,-0.27810216033008284,2.267474504334768,-2.362766357919387,-0.6492547253705048,-0.8456206583667478,0.8794406201867552,0.5300903519015869,-1.1120223125337474,3.5127898320228144,-1.5612124224461994,-0.5201360071986066,-0.8131087444647561,0.16054453959087747,-0.12847385563187608,-1.059116443680327,3.729717845597863,-1.0791830695268354,-0.9778147154250902,-0.09939891481493063,-0.7178997099509928,-0.8937175284594692,0.04957259375679873,-0.5814487397123957,-0.2711879592261561,0.824256429609922,1.064730821868945,0.0
1.1829696861362542,-0.3719572576680982,0.23765015946112272,-5.332897271506872,2.991390093078984,-0.658546269288013,3.122550715699762,-0.4357375399243806,1.3177275755755387,0.4004512576854063,-1.2387333856942504,4.331282932916397,2.2516140102280517,-1.3851804761387407,1.5990248948112789,2.529592696213102,1.4230878461438723,1.4606293687278802,1.9077725602833648,-0.3428421342785486,-0.8748223575829671,2.2563652791674236,3.086024540675687,-2.0974406655686804,1.7369742948327285,1.416867287494812,-1.2306575259744452,0.3660442729686343,0.4269607081009352,-1.6386560066355236,1.291649873620038,-0.9718574982263548,-0.9541696107657233,1.0
1.1233661479989485,-1.4982332865325483,5.0484606371719885,3.936583832049107,-2.331448496102897,-2.7554975651763733,-1.930066398710957,1.2849279037533878,-0.9572821484361506,-2.8189062376055922,-3.998305697714837,0.39490515616730815,1.3408222150835556,-2.077578581982863,0.01133361521501802,0.6571637729974869,-0.220305356844073,-1.6096472728594624,-0.520518444835297,1.0160666374780287,-1.3994428687867089,-1.472130172547232,2.6693595420648255,1.2544981232144763,-1.9391059764251453,-0.7634170764631146,-1.7794753788355693,-0.17333546144275863,1.288442291110754,3.2357323994716394,-1.6380787408941533,-1.925027381615082,-1.467184103798714,1.0
1.9533769098074765,-5.000259202130706,-1.7393795894221773,-0.043982775893839934,-0.09698293189836818,1.8936368603913931,1.2646843778531955,-0.4642332948054241,-1.0373135650468779,-0.07610501996350363,0.30295207089482057,-0.3679929058303124,1.9054582801574074,-0.17554052579730886,-1.221388725421498,0.04923527441404628,-1.7434345323075804,0.1422123418843909,-0.015237832315699895,1.078654397027005,-0.42581998109299973,0.4325483296437654,0.4871553565597144,-0.9719466441764696,-0.08515737498643003,-1.484764319483952,0.21634294727172831,-0.1470314511887617,1.0764982264294227,-1.2143500592704661,-0.3990200653979257,0.8510313911869833,0.3419550891310185,0.0
-1.076152377739899,-1.0329467140293809,1.8542850687032009,-2.9746908344893517,0.1697505115883659,0.8935138529492694,-2.4310221683674396,2.5492976598067045,-1.0061894272774143,-0.051195562462861166,-2.747557225200757,2.457906183207836,-3.23394313714487,0.869215090689623,-1.1679644328366825,0.37677867394078085,-0.8791118456009286,0.3768477835480101,0.3223907133070422,0.5353897000741371,0.33874013324979907,-0.12412483231081538,0.07597473268829522,-0.4769115991895413,-0.8084904009966407,-0.40195701837590314,0.25800571210370105,0.8819861338191841,-0.09002565046285019,-0.4273184728477552,-0.7837271200234049,-0.5521967563721323,-1.9447326149412898,0.0
-4.268516775501527,4.133714001815222,-0.17469502669560627,0.623024638266168,-2.3688207628182525,-2.343692640964101,-3.296097067348502,14.508716750130704,0.3326237480510477,14.868110876596162,2.681503180863731,-0.228310675192325,6.049099830129873,-0.526571150740432,-0.43615525320618415,2.2235639861083665,-0.6976646252210716,-0.07400505423132367,-0.5161335278225865,-0.7076472416684597,0.5578517114176426,-0.47778476461623504,0.9018800112833287,0.6456666027897999,-0.042069222494724445,-0.5187673904133595,0.312345646887849,-0.4902846253873001,-0.5855286479568126,0.2534808776949504,-0.33699650973295353,-0.41428332308925025,0.4640783164589402,0.0
-1.1790985891979215,2.631847967606157,2.0031240517202322,-3.646724800824363,3.5458260030577846,-0.44354601619996004,-4.878845010986395,-0.5197841600409757,0.09173190852971044,-0.33716844793843403,1.3076704389292726,-0.9276549118622557,0.13207391914082323,-0.2166664661270752,0.6127434792432177,-1.608730445804079,1.7441750560054006,1.8574491833007485,0.6608113574866773,-1.6072190881688688,1.5075109130817246,-0.2991468385290288,-0.906714834534073,2.267487224849751,2.2430894410544346,-1.4148569451565127,0.3152913748775695,3.245651219742417,-0.4427061596236122,-0.5650240798287747,0.6182792643824789,-0.2230617199073177,0.28476129096175723,1.0
7.620151412522225,3.865671721836717,-4.715130799055113,-2.129093075483586,-1.163481809712393,-0.31122741522944153,0.6670013086973213,-2.9700582987581186,-0.5540183876320521,0.645539525860837,-0.49632321699978005,-1.8584463588981524,1.9989662133308652,-0.642735813772896,2.170719879633465,1.457830094001807,2.205872708661252,-1.2269467255754791,-0.7242267099984209,1.8290163867195395,0.1291048912875869,1.5807760733204457,-0.7037426061156465,-0.3705157781564586,-2.6655317181982046,-0.35314228951559024,1.8895763625971802,0.8617723975247134,0.5518187704500044,0.12621827607905928,-0.20288258203142506,-0.9881320249922004,-0.5236937161234666,1.0
5.701064297129392,-3.7478320874098925,-1.1486542897044631,-3.655116209953017,2.2976288212915743,2.2191744960471738,1.6103924024861018,0.8231072124098296,-0.8006512407025304,0.6209947260271522,-0.7625560477987504,0.549414699153544,-0.8786185463322189,0.13164961197728303,-0.419825109423975,1.360797691977067,0.8810382442695549,-0.7059776429406119,0.5765118138727224,0.30972935358688564,0.7657797023156813,0.33682026678405574,-0.4985613496291421,1.1392186765977672,-0.3635769211057957,1.1511809545983334,2.3567339626788906,-0.6367236133346237,-0.088706365708443,-0.2563243267584785,-0.3781409255658805,-0.28348049645101236,-1.0094385952270726,1.0
-3.4732724617891053,0.9276706319447778,-1.2899973959187856,-0.5239507849619565,0.3651787651407416,-0.15927409074419493,3.504188433887538,0.38918623955091214,0.6700572351198398,-0.514131012461675,1.1067362343073592,-0.060031413688599274,-0.3207552181260339,-1.6205026993704312,1.1363261749649316,-0.03450764989764431,0.32797750425888916,1.2063435591190375,-0.35522388018653495,-0.4264310444051822,1.1025153237948244,1.4299930058527353,1.3241254545256624,0.11671391173323444,2.0547674274842564,-1.263197293686712,0.4436810135740531,0.801554515672628,0.07703693466400312,0.6196024994716299,-0.2726992439411222,-0.06812052380793299,0.6636110823016674,1.0
-0.7277179770370801,1.114320654805996,2.007858056717642,-1.4670794121771558,-2.3331721924269138,-0.09389885460856777,0.4004737728668075,0.5569868365519625,-1.260446979387124,-0.808791507381699,1.5004533519078052,1.1218142070184365,-1.1427349992676987,0.6870527172351729,-1.1472439626900113,-0.7335685806957902,0.35194389235177403,-1.4570254143193477,-0.8950975075890077,1.3677842846928578,-1.048072928920715,0.8856264122276425,-0.9396026896464732,-1.4869485592289486,-0.2910902423631626,0.2839762996638628,-1.6693044627137457,0.42820232669232233,-0.20572693975171108,-0.8077577048893694,-0.6809543171123866,0.9766240359598208,2.0143228687094457,0.0
9.214531968308764,-4.832296185404349,5.033987663979359,-0.1579053378447937,-3.3210895590084015,-1.8313932263313732,-0.4425049104244979,-1.5256516621844356,3.6080551623233243,1.1919137727552065,0.26570748264849936,-2.4095760940849686,-1.4592447884465913,0.8360232350075468,-1.0676032410830367,-1.6178484475088564,-2.708481938163478,-1.1174649659487381,-1.3705048066871799,-0.3144022526042414,-0.7592200501608333,1.3975981608302606,3.564360231701038,0.8330175434674884,0.3488806674498425,0.672120420113166,0.668215397742188,0.18523973645834144,1.2227224705418762,0.3854642320393677,-0.41693116955484705,-1.1476785243446632,3.0207568601687815,1.0
-1.2271418309653306,-1.118589980378274,0.34461927594753317,-4.097769152545718,5.1978182017564105,2.0346796292871834,-4.190080219372566,-0.049178755723339275,-1.3083021090563902,-2.6727071730526726,3.0039038739707697,-0.6995070075885231,0.6873217284571608,0.151212807774369,-0.5854154598558687,1.5758271291793429,2.8444157248089073,1.0240893916659255,-1.897790961099757,-1.8581300120834416,2.083017017194053,-0.17481359946983,2.6079380623823156,1.9072207555030167,-0.02581880997681504,0.6075339822651227,-1.3133084187382604,-1.4173803121238546,-0.6032057318302603,0.9421964265264595,-1.7079702552467924,1.540575736967943,-0.3990248515621436,1.0
-1.8106941728840709,-1.7371980903616009,1.060917730302355,1.179114419839082,-2.4203828529473075,-0.38067974127484966,0.5155996339227331,-0.19718699307358678,-0.20522918178213556,0.37752815421291336,-0.51155111624712,-2.1016774297582574,-0.945818612812857,-1.597380804897081,0.7512703779735167,-0.888237167401767,1.0876321424327555,0.9656860901113702,-1.20584513955988,0.6136604472206064,2.3703348828138315,1.2574139095663486,0.09639167709582384,0.05392662691234577,2.000218017122062,-0.7860656343742964,-0.6601262147064282,0.16004666731639894,0.37046700698365925,1.4415412179043496,0.10719330747970576,-0.7255110838479546,0.6946984272512884,1.0
-3.2115458713335436,1.9959806789053574,-1.9347354346783474,0.3716848062338073,0.6306324934746161,-0.16304712473062724,-3.4791004034865534,1.1077057381453235,-3.161037807670444,0.5081722243146349,-0.9982323855680338,-1.5402856010081987,-4.085060895114588,-1.9273438761646864,-1.1474237916929977,-1.918635683780737,1.6180108036119296,3.830954983254852,-0.16346889132558706,1.6437379351277561,1.0671603259706737,-0.0521080574566253,2.3428940920735655,0.18241704976556067,0.5102693923900533,2.0850262181959973,-0.4167194919348421,-1.0329750285509267,-0.19323202446589713,-0.6824363177951994,1.0069930000757916,-0.9921094503654683,1.2723571744133653,1.0
-2.7503470802372147,-0.4040295569267761,0.023250436357045354,-0.8906590254856124,2.750766538114043,1.0085312120772836,-0.8111819404014631,0.32375641194152943,-0.4032467102255461,-0.23171256034316,0.6732877263045361,0.4174468153081134,-0.49488389010052863,0.3984236357743172,0.06341773130114801,-0.7094222224798307,-0.28130447632115496,-1.5105129797760377,1.5741352210140913,0.15728036664509534,0.386714171305584,0.7510399982616822,-0.14819364650351396,1.2922058508097118,0.03097862385922444,1.0941658667247196,0.7553059848285438,0.03842963769984001,-0.339873604182143,-1.1812638128264061,0.5237312332999619,-0.6293831814231855,-0.7961802312255026,0.0
0.8821012872042278,-3.226339820714274,2.1532838710290645,0.10416620776735303,-4.533933157480507,1.5493292894706319,0.9705096373735745,0.5177293726677417,-1.664026682749667,0.17061090598933457,0.8776838485132508,0.24033911684278628,-0.21085506957143232,-0.22456448098766696,0.21190345001853195,-1.8022473656241056,-0.7695854424047857,-0.6204795211296807,-0.2737807341181222,-0.21640997443248253,0.029217362516704162,0.9706241093076869,-0.44058279898742353,0.4919739350615586,-0.4438398423648659,0.33900785948913265,-0.08976978704888655,-0.8894875216280378,0.7174524242555861,1.3919661992491255,-0.24198128722928783,-0.09127947069595975,-0.7559795811789148,0.0
-0.13676129354016953,0.032530105263117996,1.3150641308180353,-2.5336279516642226,-2.246163051277114,0.7626704079390924,1.4842530397882605,0.3442676988132961,0.838896735071564,-0.22772541683237907,-0.9805662391759854,1.2101220852267571,0.7277467506501248,-1.8587838788574935,1.7572563956130336,-0.7355998871233735,1.7026029881198217,1.0880599156766197,-0.3116143534470301,-1.957979302245396,1.5476060607649322,0.9128136246558536,-0.0539019843826234,-0.6850620943461153,1.9585318704375676,-1.8906165667523618,0.7410022738307295,0.7036935832125232,0.6533527039319372,-0.36097409417346593,-0.7065449069999922,0.6392578149685335,0.8257492708387814,0.0
-2.830717720400144,2.023277559092886,0.5067098022260359,-1.1104020244764028,-0.7893664862094893,-0.7330677473120516,-1.2297973880824578,1.9258446836485612,-1.6030604357529799,-0.0673608644542894,-2.0662064096888555,0.5518873668255293,-3.4700205316869015,0.4407663644827347,-1.051039564968528,-0.9999662016676208,-0.8620316766758784,0.6195201050013854,-0.4570612606935578,1.1521769902026497,0.8285130909968266,-0.9430310763791551,-0.8876086809830775,-0.0302622211769126,-0.9141501521904439,0.3592071371840747,-0.8043842872824573,1.4788331531664465,0.5581849854848426,-0.9382507899072112,0.23241348502075135,0.14205009105583394,1.3498807792852783,1.0
3.5522626969113307,-4.458392794942482,-2.5107746964777893,1.6390415939785072,2.1771191220618396,-4.615621683104881,1.0913275136945761,-2.5031308551223495,-1.6272266855262862,2.1274451713401943,1.007765919978994,-1.0798647045733274,-1.4841229936505933,1.3038676056536145,-0.5513353636166354,3.525090418779146,-0.18486697389998508,-2.8613579952540493,-1.3142749098295443,4.324497088104178,2.6463528691705345,0.4726492970356478,-0.2603186767036799,-2.004550374060745,-0.01919840155879481,-0.5621923204338668,0.07799980687843369,-1.9068866093264825,-1.7890305463035407,0.4409666669835985,1.5014372626791332,-0.6694413819578829,2.4973610784503397,1.0
-4.038851027746254,-3.222410376212387,0.07687856520989715,-0.3142809867364823,6.087071392319407,1.489903209346311,-4.118965883257375,-1.2734790111556287,-0.28230946451921013,-1.1667760319272518,6.260272768160083,-0.06826050281702897,2.0369079226511904,1.329840465740334,-0.8661417466586143,-1.288444137917079,2.679911946872092,0.8407737767637464,-2.1976228339610318,0.10790407787856644,0.23753063927989632,-1.2678334428082307,2.0124738239440663,0.4576548463342638,-0.8849510882052358,0.651134214230055,-1.180978156414298,-0.1354729849882455,1.141080164659141,1.6683514860479087,-1.4030763435380411,2.08884233737563,-0.1760292718921308,0.0
-4.682391638430803,-2.541498205304434,-0.7276464752074037,0.5139197542515952,0.5398931202572522,1.5301780960121873,-0.7160154177056967,1.8005329557025975,-0.5879956836629685,-0.6754877043602626,-1.092755725337377,1.5353626097379978,-1.9812551970329324,0.20273703367336982,0.773809455309555,-0.552290946149533,-0.42778477168079293,0.10851601298168151,-0.504107786190297,-1.0234495978413123,0.4730462069228077,0.589087681129579,1.7715548792742815,-0.3625417012632908,-0.5274859354591342,0.3182540382683926,-1.1210692739128734,-0.12255916167834001,-0.4408363127868954,0.05070473309490555,0.5364077503353339,-1.0105106541638678,-0.05708935489350134,0.0
4.628407158988101,2.7432077769150887,3.6331700984001776,-1.7918946032980876,1.8186087585655808,-2.8627158477624963,1.8228895811678991,0.4023457099144827,3.071487417928183,-1.2368252981860566,0.6134842291541438,0.739523944297118,1.4314565228042648,-1.9136404194028465,-1.7217130629035664,-1.8864942083665197,-1.1197929858520475,-2.227072414889134,1.1913082733455895,1.1342683654042671,-0.13502282850680136,-1.1354646570880707,-0.04042485654212762,-0.022297499344879523,-0.19381741179180922,-1.04553189766767,-0.1230518669989969,0.22223887370256876,0.40339668146254565,0.2195357921579297,0.01779316497276215,0.6481670783902189,-1.5075593450774818,1.0
-0.34648744524364183,2.8724352079529267,3.6686479519426154,1.8168197805891633,1.3513380847506091,-4.396029334484404,-0.5910765523089436,-3.7930100528084996,0.5735795894358431,1.538937832284722,-3.5472622678615515,-1.9635223428045356,2.2314947918839403,-5.673379346830318,-0.8365842125555432,-3.0069392719352974,1.0848136662368282,2.63235397227708,6.2144991755196575,-0.08844644735392959,4.802263888530224,-2.8314963228890626,0.8059071033560635,-2.349810639099408,-2.3340092044194884,2.1087568663074223,2.764833804819656,-0.7790453802093164,-1.129462930787056,1.3118007017566848,-0.6109567777104554,0.8523957780102398,1.551733827019865,1.0
3.466918482307017,0.47624834307130304,-1.4739297136658405,1.3474780530366086,0.9000743152718353,2.270720011950734,-0.9823237791513424,3.1214740767654305,-0.3915229689130795,-0.6826482344780502,1.3449714606596268,0.5915635050363203,1.654164778624545,-1.2932474595501697,-0.2921892156932151,-3.2719369134157135,0.7450852320227397,-3.047913419075254,0.7796078657077116,0.8674388761809401,-2.6906996803409347,1.0568350485703342,-0.2603751391679922,-1.6308896752634183,-0.6752006891001343,1.0369203813265089,-0.6871337341943848,0.29437290963221774,-0.08554256933952839,-0.882726179538692,1.3128422096647314,0.5227244752064629,0.9958823753636584,0.0
2.2754314264022377,-5.5525199541286065,-0.33126935025328746,-3.271177448749679,1.5779937815499205,3.046836112491069,-1.9918593685803787,1.9184962468186062,-0.06365451773599806,0.21821535309107246,-3.010020930657522,2.1419216188839503,-1.2403618460981851,1.5324996059167113,-1.7817050351461863,1.2263457581109458,0.27412866966304644,1.0059063582095744,0.40810703835897405,0.7296273580607555,-0.6017151117092414,-0.9707408979890866,1.1418124737499669,0.3085788369560145,-1.2265829258307133,-0.6019619255132999,1.455074652028252,0.43570734948961415,-0.2342233087583903,-0.3844150660843204,0.18242619514174385,0.8790902999300699,-1.3698323823963225,0.0
-2.7452460749850687,-2.12658286327138,-1.1464265322576739,-0.42731005531499056,0.9322307695803302,0.9695791562987301,3.444731000733732,-0.9838945078364435,1.2582933209135325,0.16382802364238405,0.6731310590092495,2.303591300533175,1.904460371968188,0.3745802004371827,-0.4004322174017698,-0.9306291048249826,0.9478154264087357,-0.8484541913616029,0.19460274949061643,0.6382472816106096,0.25466933119738705,-0.9472716214026872,0.6809914537235304,-0.40574715157575236,-0.007093731301118764,-0.270348099215422,-0.09928672019950342,-0.1117645436120011,0.03872118491647171,-0.7445641462233005,0.04158952629299277,0.28392710786483555,0.09003458203376324,0.0
9.290908221997631,0.7205757144405586,-4.078118227329646,-1.7182728625102197,0.46342557209204355,1.8997759069804752,-0.8673039852587089,-0.048721930132261046,-0.7424899558220663,-1.1853267519072639,1.348316527879197,-0.7676437520052269,2.618883075646943,1.4357545784712968,-0.3008860351541486,0.0869075368752628,2.29371902311527,-0.042148587895402004,-0.1193641049586466,-0.9687799235330422,0.032395214902774194,0.741344242384738,-2.967744230136074,1.8043064775117648,-1.68463495206381,-0.11763703730145698,1.0670283493796164,-0.00957738682523113,-0.5064926270747248,0.11227426697230142,-0.5453992939743626,-1.6031887622575038,1.4664666785895866,0.0
-4.764388541602382,0.9175780010101937,-0.3505192449388013,1.1238303568525985,2.4632093686197782,0.5686651110930663,-1.7723920805113742,-0.030314660030582728,0.9134819520355565,-0.09093420872437034,-0.17173065144500352,1.1139221995853765,-1.9411151158855342,0.4835565156085117,0.5039114022585699,-1.2535560462903108,-0.24499686497722614,-0.12447291408479406,1.3029545572304364,-0.5351399749358832,-0.32569407549429424,3.2679212663677375,0.8268085759083068,0.6279259389024139,-0.4425106391454012,0.6078587496071417,0.6382386522190456,-2.3125472558255695,-0.166480693590603,-1.010843535622415,-1.805145335065868,-0.23981515502825038,1.0768097488950903,0.0
-4.375467665430263,6.59542857128877,-1.6595968073823806,-1.7579594367176743,3.127734841843609,-3.020999025946352,4.7037882926479035,-1.4052135523902805,2.259318989285639,-0.43615802484360605,2.0964836779925533,2.2508567284661924,1.3932497082182778,0.27549326684988085,-2.1493481594160175,1.8584318399217916,0.4714710092729862,-0.5009718792153875,0.6098893270062327,0.4480554344237406,-1.5773495719564679,-0.5072554068710655,-0.5004509310190872,0.28667326333730614,-0.4752622581902216,-0.35659175839032925,0.20870039218293052,1.20868067998049,0.9241789988958107,0.26358340066548286,0.49875418167613894,0.710149320052796,1.0697950001916092,1.0
-2.611814320946727,-0.19790610992394103,-1.925426823589839,0.09082226604046101,-0.8666483340858767,2.0716343706727565,0.02732147273023082,2.0985364940337505,-0.24893013562814864,-0.965206152877218,-0.5610070165856401,0.2225582153820677,-1.2829608123062568,-0.10943684661972697,2.3219687307778965,-0.3217576259663416,0.42811714316772825,-0.3056818115796326,-1.0336369712784295,0.7476183847513984,0.2456697735243911,1.5554287166995868,0.619351422726971,-0.5972270606156577,-2.0897144820162774,-0.9016471485361932,0.21608669806000091,0.15886964016727145,-0.33244701169041996,-0.6280220820713616,0.5435259627797993,-0.02289798459783206,-0.04636587833017794,1.0
-3.8667542224395226,2.6438422040288967,-2.7560965650638143,1.8444607139976668,-1.305453513262532,0.8893226497914548,0.28929049482986197,-0.1305746422897078,-0.794256259512552,-0.8511637709515135,0.91459061449636,-2.6706535399724705,0.18345169619848717,-0.31835994525449984,-0.7884292130890073,-0.3983363469057195,-0.6203918593513708,0.902210323741205,0.10898969983976663,1.414959214928408,0.5499453914559971,0.717309597927342,1.7307869494365218,-0.8860293302007777,1.3463133971950578,-1.2138852710160815,-0.7415884592448672,-0.304973025461811,0.3790195533772629,-0.460235702458602,-0.9984967131101192,0.14354066871068805,0.5263499273485645,1.0
13.888942000252555,11.688649983537632,15.935491222318484,8.644478839082907,10.532577688366139,12.061566013708708,7.45782449304475,-1.9487125736799176,-3.2691637769705455,5.094153730950349,-1.3634784827485484,-1.0604002691964058,-1.500542522413427,2.343915686512264,1.4097722468576763,-0.011764793566641214,-0.4184056393240826,1.6224101432748883,-0.31594977903162763,0.21993095892869388,0.40383253625320653,-0.686330302994927,-0.18190177687029316,-0.18071625313489223,0.025735351833782553,-1.6979471381924123,-1.0878697283300711,-0.2544417114535236,-0.599692315310766,0.27392195403282266,0.8359862847057377,-0.04700609862433005,0.36130362514275627,0.0
-4.477452422291883,0.9504179543190694,-1.3172226609995796,0.26243067553189625,0.5086196161339672,0.55925820528969,1.8170011078573467,0.0778316839044364,0.41759279819129946,-0.5738359176713673,0.5044567979732965,0.5529249324632859,-0.5018618846964841,0.0101178055705508,-0.7717718420263651,-0.7654977793532631,-0.15997468374552257,-0.18159950836797997,-0.5168047229739589,-0.028608967226537274,0.6918717221180731,0.40338792707587356,0.10140162193629262,-0.40072099060253236,0.07968389102770611,0.1623840568679158,0.6506867409655683,-0.6258075494629259,-0.3926739996795676,-0.852801588217475,-0.5261502598178829,-0.48805893705575815,1.027560044480681,0.0
-2.0524096132822627,-4.357221952491547,1.656018394698237,10.823016336900997,7.684849782469241,-5.277239219504545,2.6141990521859437,6.654203979955803,-4.109366708032825,-6.59832020768683,-5.5250058351054046,1.945866011809127,3.2748843468653877,-4.38170482585696,-1.9408622352735574,1.6422921069851144,-1.6568027106185232,0.7343524114443647,-2.9450771370051925,-0.8132984404344525,-0.6117108507547511,1.0380028672665966,-2.027202406148091,1.8656149839663494,1.0584840772536133,0.05371820449166148,1.8542861896862375,0.6232543083593127,0.7777019487282452,-0.5234449199215314,-0.9339205803029198,-0.8806970719067979,1.4406172222653706,1.0
-4.688278126122683,-2.636204659312232,1.6220321617854625,2.417088755285578,1.5814525407460618,-0.13230113934660787,-0.4166563238365796,-1.0735193806613563,2.257384665188945,0.9818845076000218,-1.481597118224702,3.55030486019374,1.0270063290393816,-0.21085838459980333,0.9141516849267554,-1.9679584367517131,0.3716003762386791,-0.7599005964692529,2.4175873778510897,0.037165122811334626,-0.4580455892426836,0.6594372644614054,-0.723166116411454,-1.3131525057311393,-0.5007460439210091,-2.019075600628549,-1.5542237823328346,-1.2991292024420045,-0.3849927492458314,1.0468013321196097,-1.0100531825552799,0.780808859021562,0.2761893057814047,0.0
0.3281108286882804,1.6693256957912692,1.9523607337646811,-4.9470886703103325,0.9871052494973439,-0.9476673555588275,1.204934957206397,1.3527344348099766,0.8137356622652109,-0.014682041299637471,-0.33241395845656224,2.5719568579303607,-0.5694020928359137,0.6191983663239887,-1.043473610563153,-0.17593626743481583,1.193581681776614,-0.3481148013773211,1.0809547344376473,1.721993215713199,-0.41906007179517596,-0.4728110434864425,-0.13558031262521547,-0.5927884610442024,0.41457910974352746,-0.2485934338915671,-0.20867132070621675,0.3472505380531824,0.23942499320417945,-0.6115492516471028,-0.40659488514075526,0.22988545300539803,0.03090868286853842,1.0
-1.2126951322137602,0.5735705597842253,7.395946641660648,7.508140570724845,-9.507447645599925,1.5284906479983542,-3.23840307187485,-4.098879795174833,-5.193327415608334,-0.716930093993206,4.478321817582323,6.2862964734789255,-0.12668766677738175,-0.08079405093768297,-0.7536271267774055,6.7822235728976645,3.2791861731535783,-2.1700092959632538,1.8173894703678426,-1.9831373757961128,0.5272022540644496,-0.1259721688356411,1.3473816207925875,-0.26002233873151365,0.7002956746388144,0.05017020253724585,2.1112818555349584,1.6711242936024946,-0.35936484254156636,-0.8339991430215316,0.12899653429378008,-0.24142106321382162,0.5412563184619283,0.0
-4.132056758182861,-0.5273248304635128,0.5193658450164752,-0.05736681116217416,-0.8641221377189835,0.28443179865331464,-0.8398315645937603,0.8030218257764244,-0.8806170820737598,0.18227776821440525,-1.0185554757069981,-1.397069046840251,-0.6935391878891911,-1.4004856291674859,0.5002411434710642,0.18475566764428455,0.2034682656723061,-0.45061807938909443,0.06226572347069783,0.19791554694527289,2.124150316980144,2.0801164478698855,-0.08472691352335461,-3.31946600955439,0.7745663838069775,0.4272694441245453,-1.8410938554927063,0.7510907123027712,0.35515834113462774,0.16175140095385387,-1.479523084756924,0.09498523416976144,-1.4259979782534336,1.0
-4.46881523080904,3.443891723079967,-1.5860152042177358,-1.541023357959068,0.35834688416988764,0.5268947722757126,1.2583524034853906,0.7086716470193911,-0.45967730721397804,-0.9494798335320057,-0.6187251258715879,0.24808721151723878,-1.002602063073633,0.02126894586588588,-0.1158488026683402,1.095612989038509,0.9178597318173217,-0.7655786345933171,-0.7067172399489914,0.4098934007181246,1.5407754522406056,-0.6608424897512017,0.42992294327134317,1.5124201115344227,0.09888011719703375,0.13553842339840547,-0.3917143518713778,-1.2212396193701085,-0.6154254124995859,-0.35366301194257876,-0.6148703315761869,-0.20913929748395962,-0.7261879483772842,1.0
19.53265648803561,-3.9271160269897987,-9.96075738494913,1.8771208220205156,4.395953838487495,-11.798476051639627,2.3172634803975183,-4.224275507439798,-5.809678642407473,6.597143513809846,2.543123395640199,3.9093802661921475,-5.498114111548577,-1.1627693076044683,2.208090215355958,-1.680302127973579,-0.23701386995574142,1.66777266258983,-0.6829384557682007,-2.5273342427006407,-0.5145088226741483,-1.451064661911306,0.44873074093864956,0.11007073077019774,-0.542142710520839,-1.3131054573578103,-1.8962992901892441,0.982082402993634,0.9888790091497736,-0.11227094551060963,-1.672147390895546,0.1559147164659334,-0.42256568099864306,1.0
0.3830338972127709,-3.3333012673733267,-0.7947426843430997,-0.632735255175655,1.959548514912241,1.708704368599203,0.7946613781141505,-0.8026570326185652,-1.3634743601661126,-0.3252319250740997,3.1056923606718763,-1.395333702292462,2.2616996791041606,0.6399045939413077,-0.7312232955695546,-0.2973745144780841,-0.5515851490026784,0.15167519179342195,0.6256535114291603,0.5479206648215534,1.1961720026112945,0.32619956383038695,-0.00307915892513117,1.3603048778048292,-0.36461795759209503,-0.0062185100995593824,-0.689731027841034,0.6626549365493901,-0.14250059681819674,-1.8530992266163624,-0.6278644704903494,-0.5290244800993109,-0.3576887673561608,0.0
-3.3660806391355593,3.744008239520289,-1.7513813955760362,-2.05794143976146,0.6093652301724999,0.238783979455081,1.2691712072122066,0.9554886758526312,-0.24963853325401,0.2706176202415651,-0.9578216353594248,2.307594382572918,-0.44557321317207227,-0.09525594177192075,0.4096805883200691,-1.2809050716762995,2.2993785657992083,-2.5549395746061534,0.11309703791624337,0.45314447822200216,-0.9449658684661887,0.17938199410262598,-0.1801418991511999,-1.360477712914575,-0.41375197419135173,2.1551883623350347,-0.43186332765972985,0.853828032728973,-0.6774612995368117,0.25947542716326866,-0.1744661868801572,-0.21424192873288367,0.7167194911243424,1.0
6.390935866073519,-3.6486282706197235,-4.162390526987373,-0.7157439456795062,0.467186309350026,1.0624473771669187,0.03943182463490986,-2.038720384476172,-0.8060415999889678,1.0986358005301382,-0.9838772202428117,1.6121048846315433,1.1601274106044117,1.2156590241438723,0.2260008938875261,-0.08185576850120452,-1.538150902374869,-0.6216337036060887,0.5977965771219627,-2.1854465906378833,0.7443691432277723,-0.4009594996367326,-0.5158324614172695,1.4915040473823409,-0.1292224561430108,-0.3429496848050936,0.07477759254400991,0.10628451995440072,-0.10368118708122756,0.9934832139422556,0.34280818852680045,-0.6185570011059601,0.3224228476218151,1.0
2.485538033715555,-4.24268591176321,3.245200964011877,-4.697445279581752,2.1919378261614457,0.1983723285795757,-1.3034683451091598,0.7568904908530019,0.5851474508591745,-1.4073485598914306,2.5047520021061658,-1.2609721319773222,0.09007503795829412,0.4676243435091667,3.643740105294234,3.3043679639286774,-2.607119460773995,1.8067347393870892,1.1358198129956707,0.6236941793539994,-2.033504651213536,-2.9370291566469566,-1.1179407602423483,0.24714325423144073,0.2986454213533943,2.0814808235277433,-1.1249300483829139,0.28950271651550735,0.21045623727959872,0.5028345253002531,0.6181900032229363,-0.9559474396846869,1.1181338649233137,1.0
-1.1249448957901416,0.4497584959577745,1.7551345645926402,-1.7695359370675265,-1.7485562754643333,0.29427191674507636,0.6488262692773166,2.2624051267884298,-0.1827003636686945,-0.34326184941142407,-0.4378580753671524,0.3539194292354147,-1.9313798662670343,-0.766025859833373,0.6042515406323765,-0.8934322209111701,1.8623700116341615,-0.7763133122500819,1.1475781217246355,0.35484893090443814,-1.5683040165001325,0.2997406187951648,-1.8872622829609564,-1.618927830884378,0.7607823107733256,-1.017865344473019,-1.5676539830582898,0.43227022952669514,-0.25135153960613416,-0.09373598242261846,-1.5900683911950644,1.6621157498473775,1.7448460582730467,0.0
-1.8401747602064031,-0.4877687082069398,-1.3371552264124726,-0.7506751921056944,-0.8180761245356124,0.983719336245875,1.256019649981001,0.6271427783037923,-0.947809691891554,-0.36008118395202404,0.8641505640968598,-2.365048107412202,-1.8640366019961387,-1.890873976753258,1.290713763336581,0.6974797411601663,0.3978403778494435,-0.9028474069418982,-0.39365701084500865,1.0900626350494376,-1.5594400489712117,-0.08366716103710342,0.7157241774385086,-2.08643092257663,0.4957019841069604,-1.7007194369630896,-0.03613012017535306,-0.09898985115229604,-3.4001106810781487,0.7524470926740131,-0.6943787509770939,-1.6593785674174113,-0.8331218386077298,1.0
1.5798329098060746,-6.165900431243807,2.675476747357511,-4.226088485517794,1.9830127870775427,-0.3058921869258031,2.905226287289945,0.4985395575149182,1.6536867169393903,0.8320577141812167,-0.051129426463472835,-0.9279957398703818,0.161533298410172,-0.8954324597303697,-2.306787627447249,4.292655145235376,0.9032754200234444,1.079777174152435,1.375570591674611,-1.2344761372711661,0.2694160765756994,2.633985025969945,-0.5151776984873636,-2.044865798083808,-0.5892989242169768,-0.3961327713465829,-0.15704605161087487,0.11669877861702128,2.9779575981740396,0.6551422811996584,1.044385128901368,0.2016001061876771,-0.19960212813909,1.0
-3.4932780451365337,-1.5382267437559578,-2.6698616966750874,1.8774889938232389,-0.8939850077071065,2.1053628536225095,0.8795597385466045,2.3017257711383903,0.2239979263980552,0.0980808620508826,-0.7381813753080384,-0.7961528453643045,-2.4141437083112645,0.22170129752275497,-0.3850533145803383,-0.20311016655213646,0.7687688908975077,1.6494699109989694,1.905008588622833,-0.2678698059913867,-1.7907452229280099,-3.003623415338743,-0.7894318404839556,-0.03526851798709839,0.8942360113675366,0.23466534848039866,0.6747094982014291,0.5354436958358482,0.9872390360616411,-1.2478843510087794,-1.5051582666942267,-0.06317274439908595,0.42374778354864684,0.0
-4.89338936688209,-0.6135908719481097,-1.427055629846008,1.265343458382843,-0.93897493178725,1.23642227638467,1.606246669118289,2.4983400748190023,0.5606044972753796,-0.6898964549390084,2.0830224392521464,-2.6018546407819083,-3.841384492501273,-0.9944891863435732,0.5710004660624678,0.5564768688332458,-1.0288527282787645,0.07806717602759596,-0.04256126136099968,-1.36802343599501,-1.6609575538177073,-2.9458868444020356,-1.0841353317507187,-1.7606834229048702,-1.1849950629141655,-0.2543663317041747,1.2204877928687254,-1.8647359704513042,-0.9640509464861281,-0.6664704487592144,-1.403858616758558,-0.27153448159134824,0.21533312854717412,1.0
-7.937681671567813,-0.03812906792180456,0.029049448171822,3.066949537889922,1.4495547822571815,-1.1357909851505108,-1.4117914125621953,-1.4798793838162358,2.210219964430415,0.39617367981605145,0.29329390010351647,-1.2919538127338859,-1.1406008805099581,-0.23130167697612483,0.1310394057872986,1.7545816415681368,0.922003198372601,-0.6808262202440915,0.017150856741997532,-1.4207889698394685,0.409289301443251,-2.2388423559656694,-2.4141934529211326,-0.8464886352302764,1.3350270854145276,-0.6627794098160017,-1.0827103429810283,-1.3255182580545601,0.5572574110997291,-1.024419078099874,0.004722968444167377,-1.662725730662587,-1.0062598855153362,1.0
0.4319124336598842,0.48785838268223786,-4.6355882759935225,3.281924923733881,-1.178972376394248,1.7557414542549266,-0.5034244914317175,-0.8578125269701027,-1.7677675615697346,0.8416362948052725,-0.9060704624612238,-3.490678471358835,-0.649699565155216,0.6042417306179676,-2.5105591125873055,0.704012704896572,-0.7140664785137361,-0.6323598845876341,1.917618866675316,-1.6057636942782003,-1.3326455579595784,-0.11410526657101908,2.1478124005078207,-0.9462393580882034,-0.08470992585305791,-0.6942634194135197,-1.1661082353880583,1.2135893769478976,0.7960329057906129,1.0733298064975196,0.28428082919522984,0.04648567345404732,-0.21571406261581283,1.0
-5.973091090005276,-2.6311663138934085,-0.7916547632771918,2.6308428513528024,1.5206705612931368,0.2501246068305771,-2.579501959793403,-0.4053523116771586,1.0516487148050564,1.2123910183133488,-1.7143933110963265,1.2388571253501743,-1.5956844597848383,1.2940344532366828,-1.2688365418059924,-0.07831536043636678,0.541460640394351,-0.3830272350358476,-1.2097983637164007,1.1786748786615728,-2.1609013077248447,-1.1204781232607313,-0.7442600957828736,-1.749671459607733,-0.7342474633307864,-1.4932431136126714,-0.6938860400856371,1.0081751743382696,-1.3934646817075707,-0.7383587897329134,0.6682454070463943,-0.2916041362305371,-0.3016580662059672,0.0
0.1078643079224161,2.0073149813399613,-3.8390298942801047,1.3043302569701207,-2.913345917106154,1.8520013703377667,0.8387923526270212,0.2878454586442888,0.6785728858140371,-0.14686920442811763,-0.8391314740084697,-3.255983857940749,-0.7315421192273578,-0.5417254695370682,0.43819676832901483,0.7990220644127741,0.9469330206003562,-0.1119535566242402,1.4045458129584665,-1.090085939908846,-1.8416487558678614,-2.8659284757353167,-0.37767617529151964,0.468269081172483,0.8154767157044109,-0.3880846381956788,-0.06323819698701603,-1.8977423454526916,1.011888221552657,-1.189712777147261,-0.5382136622630903,-0.04697258740551914,0.061645180311217025,0.0
3.5780468415850875,1.3171790498821845,-4.686716215688468,1.6181115775888177,-0.4867463166147354,2.349383121252962,-3.9069982536140353,-0.3778033239056797,-0.4826948339990567,-0.004351588798988059,-1.4289323784995287,-3.182992031390348,-0.6962809427425327,1.8661456281823405,-3.2874913639817294,0.5487950421212597,1.4760985380605567,0.8396435398459914,1.3992386208103664,-0.32630512494706665,-1.9550776554662705,-0.028973315387953495,0.549620585919603,0.24695659521088484,0.7819328064897154,-0.4274569717377656,0.12528624312917203,0.7061995098378663,0.206147739947575,2.323576812168968,-0.20436757991016208,-0.16456435190414515,0.6472131780029137,0.0
-1.2118620316288025,-4.574050121754781,0.8494527573861752,-0.6523261168520671,-2.383125199989368,1.514223573925208,2.651214628353934,2.0894644776839026,-0.8845128138257606,0.23199550416888612,-0.3760021325693808,-0.13089076247620207,-2.609110125961502,-0.8310219242364588,-0.2065362919967396,-0.7249973874412757,0.8430149717865056,-0.24328097560249382,-0.2864107293365456,-0.04382269884932004,1.6186602702275135,-0.08870148530525562,-1.5165733451878918,0.9183648397483894,-0.4702208664864417,0.628866917822246,-0.29145638899842996,-2.064991895693211,0.625686904120435,1.6189637697895871,0.3576528412081964,-0.14995667188915163,-1.277692954490564,0.0
2.3742322334713024,-5.575796908419142,-1.0971635032721565,-0.13330955541211054,1.8189970032313354,2.2241543147141876,-1.0635527029905028,0.6801400821217897,-0.04824442042934021,0.5614639483075895,0.24358038837487953,0.46586120396636566,-0.9062652674290449,0.2009052343718566,-1.510793097087986,-1.5712559008807223,3.256435468800211,0.23745465672205737,-0.04154049276049231,2.1628724438066365,-0.34672673248823976,-0.6649304283933499,-0.5996201099012487,-0.08268538387604915,-1.0984186145260038,0.5144876755843116,0.9672592944821542,-0.024425979434206786,-0.435863935167552,0.8944552805912976,0.8362958065194456,-0.03650548699797574,1.4666134041450332,1.0
-6.347860091546554,0.35011920543252417,-1.3850299921313352,1.3668720864535,1.1185242518850713,-0.20947929920191583,3.4967673612065213,0.4604545860745468,2.3625998155211243,-1.2419173835108739,3.068894336506961,-1.8731799062970798,-1.7865810887424323,-1.5412759825427376,2.4674021627194422,1.6446577874876622,-0.14500796054284656,0.6205998100477879,-0.44954876443559144,-1.403209468681531,-0.7104674362137389,0.025514487423535848,0.7928812243420778,-0.2716790585960794,-1.3896796096217838,-1.7153537759406854,1.6717295258042677,1.5392283697138642,-0.9178189455696134,1.106534438085854,1.3755044553211722,-0.30369650808889137,-0.7829125563558392,1.0
-11.066676962117105,-5.938426902360498,-1.6826548347468668,8.708106367511656,3.3193882752999047,-0.6776788175181554,-0.00660132508308254,-2.3179656350461304,4.712411048928456,2.7848182677750604,2.1789188992145188,0.5223131313483051,-1.140182898603207,1.7508736904920466,1.502900652625326,-1.5284579534037253,2.3841365255884592,-1.086817945466565,-0.2809808467312075,2.8527704193512933,-1.779844235774489,0.04805288409422494,1.1161598371603494,0.08706888429882861,4.516506813636665,2.2693532344519376,2.3924832084373744,1.2541904614279067,1.2873270124959695,1.9295160071649187,-0.215868631049673,-1.1206023237845342,-0.4176519082100861,0.0
-2.6899703337858156,-4.856054290329176,1.7524763115911663,3.054061958321016,-2.777604989453776,0.020066920741617738,-0.5776838862366578,-1.163060210041694,-0.3212701554427411,1.339199006416148,-0.5389056481413853,-1.9668180092003058,-1.0438346799193474,0.011669738399165375,-0.9270530336411241,-0.1759810929228188,0.3700116936780804,-1.0292089432584168,-0.374890536716091,-0.3052167677701945,-0.207832685924796,-0.4135803166094708,-0.6969396227345257,0.18087396404359943,0.05584883677986814,-0.2813358726207134,-0.9110787541433143,-0.9718676601236687,-0.11491874222893064,0.5876712144021451,0.5328460713446392,-0.5662690526345664,-1.6907077683632104,1.0
-4.6009195292246865,-1.450152114866728,-1.4873880279531206,0.37559410254825376,0.7700430742148056,0.5230775662775062,4.677367173577598,0.18517943119419195,1.1762069503431036,-0.25468030746399983,2.6666514192612802,0.18287773190961085,0.11129355696902506,-0.26448709639714607,-0.07298390604795627,-0.9547823538369405,1.958328480631354,-1.2994431109711164,-0.10319615132676696,1.072085881832109,-0.10157982931561324,-1.5534889957529334,-0.22161262721404482,0.6208852926430287,1.1196345241309293,-1.1180089830214344,0.13764322105064736,0.3280474968585888,-0.5170523733407155,0.7199733715581977,-0.33809237443712603,0.40394870566790964,0.0523792996058207,0.0
-0.1568135264464469,-1.6660495788977643,1.6463205360567377,-1.6021038851040674,-0.5474647950130617,-1.974097202260261,4.707778299113944,-0.6088120872274269,1.9399659085183476,1.501617873454693,0.12875491913452367,-3.578805182544435,-0.49634930814200573,-1.581229019664714,1.8867422609261135,0.36468610258281386,0.701199837764234,-1.8347360857464712,-0.7283679052706382,-0.06551597037155155,-0.384215981297538,1.3293483165088542,-1.782694938265614,1.563222239441952,-0.32355558710976523,-0.021620550382885496,1.8135514356819598,2.1802488829093933,1.459703722881302,1.7421828689424674,0.9204025265639584,1.2518670717570286,-0.29147136764476167,1.0
-5.05785607385088,1.6205766600115916,-1.6796657383993068,0.7559862054128066,-0.5846603030628001,0.6281147899724093,2.303807588778655,1.8287249358369273,2.8595584515473407,-1.171615911951123,1.0027956992808023,-1.6211960689325704,-1.8752449196077905,-0.8642876043844623,1.49046988928387,1.434061054804703,1.260383112357327,1.8554440045386713,-1.0805580810788469,-3.3675363074698015,-0.6552618627094025,0.008267813637726567,1.9349042453509453,-0.6233741903114212,-3.4856450928151843,-0.8946956300748857,0.4363061079907968,-0.44318654670501184,1.1795301609466216,-1.1923769966431454,1.4455332576139224,1.6473718023725115,1.0276790549563444,1.0
5.317469992016323,-5.60595992202387,-1.5733107819054726,4.740526955617586,5.249947837989183,-2.0402397826369914,-3.197078947123905,1.8518206795033958,-4.805838357139002,-2.494209035079725,2.1769196909497914,-3.2270337133617866,1.9095652905915397,-5.831591090438652,2.0295669475025835,-0.5581720279016995,0.9188741477489413,-2.778959624049677,0.8693128508767168,-0.0009269662616997739,-2.125579707296383,0.4775263608358817,-0.2521831700940443,0.38454549480029476,0.9705926204632903,-0.3507379264792498,-0.743101285444576,-0.8492178476815202,0.19069278987144292,-1.78870901288012,2.5158599630775877,1.9485649426652918,-0.9428263295407087,1.0
9.593122999035334,-7.678945311394446,4.52753407540907,-3.375757713663784,2.9272167546334353,0.19925650634141864,-4.120237727687789,-1.4505124207817692,4.544789104431432,1.767138986657948,0.6358084826114049,-2.3751100243788423,-1.7284759601857176,-1.4825570943372204,-2.9693690559162267,-1.8174200828503233,-0.5262983998740384,-0.7963402256934189,1.320826463855543,-2.242075074208147,-0.9995187534564823,2.7937895786287936,0.7185255050348336,-1.0995491065183107,0.9485189245757367,-1.5923848378447354,2.611256966911153,0.26470960967378165,-0.3556698184692675,-1.752936342562644,-0.25010714664137174,-1.418681921143465,-0.7575911435760186,1.0
6.828223396803998,-6.733239943509083,5.466230958953084,-0.3748296655003402,-5.425288553333793,-0.2968011264941159,2.6276702044586746,-0.5526873234027205,1.856604307356939,0.02033699635045356,0.3984289111907847,-1.5222409226045812,0.17590372031606474,0.516836204488816,-1.5054826466062754,-0.37587643511953067,3.045356087688877,2.488370882135618,-1.888100262959153,-0.025595014152377357,-1.4399229707995072,1.7727526108798448,-2.1936100843885193,2.559847086133644,-0.4154066005904391,0.42110333345657597,0.26451341904320386,-0.9855531746533895,-1.1883798612831307,-1.5760480421515093,-2.0972030335809673,0.13420155489441635,1.3676206920967275,0.0
-3.5535197144245054,-0.5097296702606433,0.01710426015994515,1.4581522908022615,-1.5321447067333192,-0.00512705447085751,2.7246924305519715,-0.3341195544943671,1.7674618997920195,0.3789724877499202,1.4289634478198157,-0.8541328189322972,-0.11361794921195777,-0.7606618984058805,-0.4637468137768717,-0.8496178295696828,0.5883003672558021,-0.24192694265174933,-1.2433272883391386,-1.0130350273444122,1.467386357219254,0.13070997156134095,-0.5276360781515582,-0.8825998189530272,-0.7319658155791791,-1.6864319107807548,0.19980550226361798,-1.2811055698838867,1.2613895757384235,-0.8215199904562861,0.2961272173316699,0.6697546156295607,-1.689173310580988,0.0
1.1890390041072048,-4.7085938650169,-4.176812548632084,1.6256522821212311,-2.05346230636637,3.921691365774559,2.413757018826973,0.6232408778080413,0.8489452110233411,-0.5309526198515907,-1.4135879083458176,-0.7818870269996175,0.7809785393288867,1.0039606582498966,-0.9918315447665969,0.8194840998425602,0.08984822292564679,0.5867582981816506,2.5445229798871654,-0.6277638707493362,0.05023688218314327,-0.7388337287484914,0.05555245270858044,0.8342696975469946,1.1589964901004883,-0.54970508143146,-0.28547042394102445,-0.6964369397030064,-0.493375788701681,1.132297432083434,0.6350828189799138,1.296501651266266,-0.8853991623421349,0.0
1.4259986733637209,-1.1193145237353417,2.0539618280123095,-4.6341956214707665,0.286565758371552,-0.6053768620541966,-0.5809127252680717,2.0107601563799418,-1.1136741579683223,1.2955235442760402,-2.785677994569488,-1.6612141220701446,-3.964573058854081,-1.0774835594906875,-2.0585323554360357,2.4234184630619025,1.85854427354168,-0.5598115195469275,0.9138626451054763,0.8197505624472158,0.07014471846706809,0.9114839244677191,-1.6665023953814464,0.2870780853452791,1.4374424811157474,0.5204294046238119,-0.85240203542578,-1.374086012028558,0.5130480117110567,0.542526983352279,1.4234955907620122,1.0655958262644278,-0.9262433746444099,1.0
-5.761255500478755,-2.2114529624532935,1.3514036945116124,4.562627182021373,0.38367220049624073,-4.907162181860531,5.178135485499184,1.1192676940969826,0.24656074488379776,-2.2919107350817027,2.37442740650502,-3.560232121453724,2.9689763881303444,4.544339108444331,-2.3614261824526763,0.7603149807852472,2.0657540477264886,3.9772234065348426,1.664252649236745,-2.075844919584997,0.14934343663428065,2.3305927236665442,-1.1622037052019285,-1.7042295358001047,-2.44110413878307,2.1660189490484054,-2.277219944603349,1.7005070621546263,-0.028378472814774135,0.5489002337680253,-0.5039588302274106,-1.9959168327520953,-0.1110055385360692,0.0
-2.0839108940491635,0.1399475621430063,-1.899398777755094,0.9134307015974373,-0.7374600461852563,1.579404822920011,-0.22675650622428656,0.4405153567326947,0.24563566030140624,0.022240317249665263,-1.1609586794554865,-0.5061795392383425,-0.8569432949539565,0.6693825037824038,-0.9185388703881692,-1.2650389625380858,0.2877568714206182,-1.63250784217937,1.0709568445567375,-1.6574614666982868,-0.12579043764892384,-0.7810665392021892,0.6075697325733835,0.7524130782890467,-1.1529774209754324,-0.32304273502271996,0.6538269058842708,0.47667561217934584,0.5550009705533372,-1.1198039104966209,0.655239017502574,-0.7871609102285689,0.4636339511147545,0.0
1.375832323632701,-4.00514466827807,6.537160605058185,0.8261400892224814,-1.7995624569015425,-6.106522368110762,2.2882912410744427,1.2977441142420347,0.953009588489578,-0.3532963189783408,-3.839698373689588,0.3258191832773634,1.801358633159373,2.4529529386605136,0.2844792541936292,-2.681790267442723,4.024215260354169,-1.0317966634875813,1.5296927922305241,-0.2801862897203618,-1.8226014834429438,-2.703366597482923,1.9078690968257823,2.6487047728291326,-1.0159090423525055,0.44812877254627986,-1.7706905607594154,0.6678481215760896,-3.0168573232298086,-0.29433308345087533,0.8621930859474098,0.3846148707420465,-1.702394106355803,0.0
1.143064444260556,-0.31328878454065334,-3.390884818383542,0.6937905519019686,-0.1643217053889274,1.1247873375928346,1.6894694422462357,-0.9643810711245303,-0.2342828595494777,0.20184097989468003,-0.8517937804210173,-0.21913707560831006,-0.29117745617468344,-1.004459148913706,-2.139257050113054,2.6105159704447467,0.9000461606490474,0.6535721841958705,1.0582673143693704,1.1599574345494144,0.6477554054094716,-0.0733350950826208,-0.6201695219498364,1.743002957297375,-0.4308798128081266,-1.1988269994492788,-1.2860763532936703,1.770800504415436,-1.4656824584874046,-2.2751988585263363,-1.864340221301424,-1.1074173168370038,-0.9322129689500646,1.0
