PC1,PC2,PC3,PC4,PC5,PC6,PC7,PC8,PC9,PC10,PC11,PC12,PC13,PC14,PC15,PC16,PC17,PC18,PC19,PC20,PC21,PC22,PC23,PC24,PC25,PC26,PC27,PC28,PC29,PC30,PC31,PC32,PC33,PC34,y
5.131935847373595,3.769983038298123,-6.154327773398428,0.5473068651458026,-3.2109218587277577,1.7606920422940642,-0.6781314178793629,-0.6766541752022416,-0.5268234021141229,-0.8423501597148668,-2.284170445220527,0.22273611494520607,-2.7115442098818776,-0.15439248656109153,0.4233740827396433,0.9940408285202103,-0.4228759427307308,0.02216478698443594,1.3430215157606824,-0.2682123755156324,-0.5330878676101327,0.8717518670716082,-0.3514314251525364,0.8851883854764421,0.8970661801227504,-0.2117159784019655,-1.8586669291350029,1.1654867493605907,0.7184089158735163,0.7852710416395451,-1.7759994308170381,1.2206045854153886,-0.8540868886481323,1.3512840482306445,4.0
0.4745977603259496,-1.728034988797543,-2.8162603972355598,-0.01859336968744127,-0.9035218490219719,1.138728229255929,2.5470252595316407,-0.0775573289438397,0.13663284737393067,-0.23394834275808593,0.2761405219790674,1.2434023884055478,0.5710610017196528,0.19967700615777237,1.252048110435686,-0.6501707498933021,-1.1001032304430287,-1.714957799745942,-0.8523199113861081,-0.9082935223306694,-0.6699320261885545,-1.2030468690203664,-0.8525839120381785,-0.9118741418665369,-0.1894750930593385,1.2431916999383614,-0.21668343471179108,-1.8417405802816615,0.17480558764389895,0.1075719675532038,-0.4129933815624612,-0.5614012717910124,-0.42690587026968146,0.4345362817875797,0.0
6.411658466846168,-3.646761152150607,-4.157505102358363,-0.7401566787067815,0.41845416452003475,1.010938048431018,-0.03773595772368253,-2.047477994953358,-0.8458281965214954,1.0906840773258768,-0.8709130501124741,2.01100827167018,-0.488037069798888,0.42313627758057126,0.5491114429499466,0.3498679481665233,-1.5773632309602617,-0.5699851480850157,0.5280808180305968,-2.092922296797156,-0.5409733410212682,-0.7304916601356608,-0.5194708506340256,-1.090836612295408,0.29789731640526657,0.013178801788408892,0.6470583060767121,0.18288831438513234,0.8278680678248613,1.3922205739936333,0.22671944626893073,-0.6180034697759874,-0.11482737480869135,-0.43382102610615625,5.0
2.515013737662638,-4.228711806779196,3.254390114624725,-4.832276115165516,2.086630397883777,0.33894589948286674,-1.2913892007410315,0.7392620226901004,0.6198276767827808,-1.4086601552616935,2.3016122993412553,-1.6905105836397913,-0.21357357148329156,-0.7048064096861284,4.285321012447754,2.223506273572422,-2.4583060623724355,1.175383836766949,1.8289003234748533,0.533694563984763,3.6056172337811625,-0.8594720926506622,-1.056718464688092,0.026910982768043674,0.6200587488468247,1.7029466062120349,-1.4918955197275994,0.5836426804864392,0.021511757226131665,0.564044058125568,0.18492680438554857,-0.8795815826286956,-1.1687282161117527,-0.6137186336943529,4.0
2.548699178759215,-0.03815505773170214,0.052353622988205284,-1.421760374716372,-3.701030698523226,2.174420654979987,-1.3241568898697766,-0.3278968670017167,1.1626880377160804,-0.6327145317856895,-3.3800342206092706,2.052486583334641,-1.6552952272120727,-1.8520534083450455,4.0375007678291785,-3.2757027464149,1.639520755941622,2.5498004884502,-2.7662910044820443,-0.20947783419730914,1.4184025075182933,-0.8456204410605838,0.40351616963138914,0.11303567712604753,-0.5411764463761225,-0.7843696159588847,0.6506952581768619,-0.14099963564423654,-1.5680234671537594,-0.46914542391512304,-1.3457443871133172,-0.8728022310756584,-0.07442690459418842,1.09972770860375,3.0
29.4277255713603,7.7133972361351075,-3.715565667997264,10.400079945696502,-1.5006542817107174,-1.186006077530694,-3.4674849948435478,6.085116827754594,10.364670376430196,-4.412689242604069,3.2019118255704284,0.7365601302500808,3.106701141920869,0.22758644524834326,0.7341764370096021,0.80976671055353,0.5071494897214208,1.2557236956622921,-0.6791973761159962,0.9662134848029617,-2.326323264301127,-1.5468728582633622,-0.7298863361149435,1.2066875107954933,0.5360193037254767,1.3356557626299437,-1.2102417471803617,-0.03863315904310438,0.4397171179682859,-0.3073388862188356,0.9412900372000499,0.5391837300142492,1.5112797148509436,0.4666046341153355,5.0
0.05896360202509499,-5.651734972298429,1.819195448122343,1.5659466049845445,-1.9808636077532102,1.511359211484561,-3.8468514703611265,-0.4728164667940181,1.1952713712497705,0.6873552168697702,-0.33068946508336294,-0.34330567004917534,-0.35210381358970855,0.8582295898574026,0.8905248503263334,-1.8366699765812913,-1.4632880610509578,0.5692457469828517,-1.3584119284397822,-1.4990132408207892,0.4117001272214644,-0.5549663034651724,-1.612113368219186,0.09999069822349105,-0.9138041334267892,0.360458193386398,0.5650423498618936,-0.5757389700293762,-0.40228349815726205,-0.4938860153177328,0.126423868518903,1.2244565514518335,-0.4910779417941326,-0.42670937936162057,2.0
0.2025671437474817,3.1239433585695484,3.042177795421192,0.5014764238343917,-2.6220692694384877,-0.6446388510871947,-3.012046230977608,-1.775202822570623,-0.8009720684360484,-0.6893413395319895,-0.4646419669017679,1.1515974849010677,0.783477563412622,-1.1119356164524314,0.49414133300243007,1.192474861439518,-0.12157505502921247,-1.2209875350622792,1.0848487452648432,-2.132132104244697,2.119431247676875,-0.20638208488012827,-0.1292834992003138,0.6743949236395279,0.21620732751159724,-1.2149975964490487,-1.0239738485622194,-2.326137654369653,-1.5260982551524567,-0.13801858032487516,-0.5001243894565652,-1.5179774656351177,-0.19042173081916094,-0.48979483477446545,4.0
-0.08184662729965002,4.063907615486922,1.3217623801913867,-0.7697842591198292,-1.6806493968821818,-3.036410040727582,-1.0699215646390203,-3.360592210931532,-0.6468329553598574,0.42569345296620026,0.5160186778702627,-0.9707002349522529,-1.6109093999425115,-1.60545656973669,-0.7757336254238681,-0.8997864206303413,-0.23094662892869045,2.781847370193551,-1.2091750558489311,-0.2899510400342056,1.28786400972218,1.032204105208369,-0.09536703028207755,-0.459202833061498,0.2389867408592319,0.1780017242464796,-1.9306735548950853,-1.279390869526147,0.7682967170156495,0.622525039814164,2.208823480805094,0.5534908042206957,-0.5476474869886955,1.204231449464689,3.0
3.741164440528777,5.372574971937981,1.9379710228015499,-3.211751314168169,3.6098256957963746,0.5655701020595804,-3.1119474681496393,0.8576423439095316,-0.0999751540061573,-1.713098144956236,0.0405588600496939,2.5452749000497605,-0.8718278783389184,-1.5820338733932253,-1.902719040448047,-0.965072529244278,-0.5968258936325317,-0.3870774227403073,-0.7995192123444225,-0.8116359634740864,0.8600942345440917,1.6604178139781793,-1.734956392548803,0.8938595221713461,-0.03999968349347477,-1.5373360630260642,0.561598611999636,-0.7860017011573128,0.2029368685049787,1.4769792872727228,-0.3561031586361562,0.13953318965558692,-1.2914001068192822,-0.8287646108623316,3.0
-5.508528357899963,-0.7524706518284032,1.0168150230245363,0.17269332273434332,2.39391669316587,-0.5499795436832843,-4.10132559780354,-0.35475624595659194,1.7225737911285162,-0.30535593695699015,-1.52670268132781,2.0183839922979567,1.742861682450065,0.40504863944270875,0.126173600711594,0.8473174037438623,-1.252624799976963,1.99186639833332,-2.215546301693655,-2.2300951398406985,-1.3112837092142955,-0.6949571364416118,-0.9379968133698108,0.9234077051186269,-0.6572582980003626,-0.812465079795037,-0.14841156046174703,0.5023720434809258,0.7353359134569691,1.344742095847194,0.2033946590635256,-0.8029329723845026,-0.38454989722029204,-0.7910329206164209,1.0
1.8145866208782613,1.8841003081146934,-2.344883195099912,-2.0958152802280834,-1.2799610489571955,0.42943299660854406,3.5288446546447454,-0.593154914975868,-0.34428628478184115,0.15419460029513546,1.2891267297142763,1.619993875554488,-0.46116788265589476,-0.3106950088245301,0.5456621287682525,-1.9920852082292044,-0.8177398317233296,-0.33597945182058275,0.08407336018152856,1.204414621292199,1.010624415284134,0.7966690475966692,0.7549699965781188,0.47432078386099685,0.5227025867081583,-0.30303204223624686,-1.2198082534010544,-0.7160957144980915,-0.5960110309038154,-1.2243265547469944,-0.4423637159467117,-0.5681800053098788,-0.4075932303332447,-0.25034311767011,0.0
-3.3677815413858423,1.0390612835166426,-0.7578767697896005,-1.8854619004984088,0.47025622771496467,1.0848990257853839,0.569925126061073,1.8549939503526556,0.304996373498672,-1.7372413017321926,-0.8292117746941319,0.1053144380250918,2.86509163796101,-1.390110433107663,3.785431417952471,-0.6545031539417661,-1.37358172231078,0.602731825134617,-0.8843983885761678,-1.0858677897841387,-0.7476517143564133,1.2497966893708374,1.7470461501621497,0.015486386680197724,-0.3364014126099426,-0.02539022394445097,1.632149479369503,1.0812635800418382,2.3414765168985583,0.32707849024464264,-0.048945586002861724,-0.911792893723326,-0.9204152447665218,1.2142169559568123,1.0
0.0011362920555795094,-2.142977723573301,1.8653294862902838,-2.1470400181837874,-0.7584845370862391,0.005512372109906189,0.2767044261184301,-1.551738144801573,1.1894052791331733,1.097234314405095,-1.3801098823365419,0.16605632483525673,-0.45587752287677435,-1.2488928515960933,1.0429456085024886,0.45480838638101423,-1.7724860478955857,-0.6362869688261619,0.28516352454277827,-1.2003740216497203,0.6181468800398692,-1.3673438629824906,-2.7905010010027094,1.195686149344001,1.4478971141302646,1.5677799124644838,-0.8381642478142195,-0.7883104357550821,-1.7535187420070448,0.605640674718756,0.6718471326421916,-0.37602428637029317,0.7748081306708602,0.7428894380017185,2.0
-1.9303613832329396,1.9460732525970053,2.4113281638112465,-1.0955084177441343,-2.904497393868332,-1.85142556252638,1.129917537042033,-0.7548941133012771,-0.9080316805147569,-0.6125265428522454,3.402301306712401,1.3189433685888499,2.126992852782501,-2.509703385497541,-1.0995536673530666,0.7733050577634524,-2.9238675707213218,4.00182438956189,0.0539760078157386,-0.011334219749795194,2.1525946906572107,1.473463853004614,-1.0585029520190394,1.1704891468368577,1.266220158140636,0.9617578708775106,2.6952635088641688,-0.1702463021987393,2.9298269488619493,-0.20490426976033868,-1.5343707218581666,1.692553685289179,1.7003773630916617,-0.008325600293782369,2.0
2.9736573981400873,5.40515544840803,-6.915707011961888,1.652022879258503,-2.2349267893497906,0.48600811570387203,-0.4139498094530757,-0.6076406948036218,-1.770639688077518,-1.800436254036956,-0.8005738942619149,0.2209298915831507,-2.9474023059918597,1.601151219884959,-0.9723955505269798,2.004428607680512,-2.4948882430126744,1.5882137921601507,1.3148110276415204,0.8710009517215481,0.05825634360835547,0.11959955416240828,-0.27551059970883873,-0.1496880401024967,1.6305352145599639,-2.378160706837786,-0.21677936210080923,-0.0359349074955213,-0.5499920149218837,0.20770492265401894,-0.8723003642355578,1.470538610233603,-0.764029509875091,1.8506805418183288,5.0
-1.9023123426126438,-2.850965143735873,-1.8272183197054566,0.6763540814788109,-0.34496647707909145,1.5936193885372276,0.6669585657871875,0.29626604157820957,-0.7036827891068481,-0.8468358133848316,0.3059816814257222,0.3236595671388223,0.316233602636304,-0.39536610073852213,0.8079476027161243,-0.4064789439998183,-2.291624397916803,0.5372149882458257,-0.7636371975060826,0.28596685723023146,-1.2507701551952246,0.3718577043501092,2.002742450638242,0.632728930145824,0.018713033068925085,0.42871505799900345,-0.8388483770286485,-0.3234120221494156,0.41572000015153115,0.9312389772376585,0.1070135221249185,-0.7968046216647784,-0.36660398165146213,-0.5311613560790845,3.0
-0.2216711345383664,-0.26621594790827013,-2.895965769484323,2.5029729616455456,-2.6314775069194876,1.2205441884383825,-1.9857468324094836,-4.7682124089613165,1.5189186968004385,1.0026379651638029,-3.024910517422056,1.2362503801745277,-4.649991505553338,-3.1268516162632136,4.020099138146281,-0.22396232615767495,1.2780776276835681,1.8291290814740289,-1.386634814561576,0.7674339463198193,0.47778665228053124,-1.4611000448727753,0.22282326038490288,2.1149554023922765,0.008233540804536955,-0.2581213696981804,-0.2883523593454432,0.3037843955306867,-0.04328772573443366,-1.805301502789297,1.7391261763806805,-0.6436964199712925,0.2679199760728258,-0.7861971749420259,0.0
2.908422545009571,5.548323754368953,3.9643649927800086,-2.592498434628997,-0.9704864503193815,-7.040984689512233,1.9709789674468745,-0.5357607366364454,3.932017402055178,-1.2796921464183733,-2.235338071861962,-1.9560735848963402,-0.8962274238230039,2.1825628986847163,0.21939448432275854,0.6339371360223961,-1.0596772360013296,-2.3887306000250432,-1.3385150579087237,-1.2129115516793416,0.5328980923192715,-1.1167316305687558,1.474479574255329,-1.5615406380201435,2.2866699990712918,-1.857113620868268,0.010655858777809217,-0.33751348489247207,2.4341518726827696,-1.2975411466137354,-0.47782976860672743,0.5479498936406407,-1.7299352547514133,0.582496275168391,1.0
-9.384162833080673,6.187901840887894,-0.0575378746743623,3.8368988710801886,4.314381322764792,-3.102221494735793,-4.08263040557136,-3.3180389504522094,3.4792911092925136,2.3091222633922137,-1.9660961343520864,0.640369746012245,1.4023947399661314,0.3096037403863519,5.341389693681749,1.0495209304563289,-1.318598046522784,0.17890550508786635,4.328094199588263,1.7000427403410059,-1.3881616750281751,5.600965477678733,-0.9714462092668752,-3.920811736310646,-1.485272924696873,0.11566741607218697,-0.649059553641663,-2.6156264185941374,0.26846213602360314,0.09511253265649976,-1.3101392440751312,1.4747956910545694,1.6540877827427531,-1.1952004349007463,2.0
1.6833871041148376,0.6848439366448689,2.0715876202325556,-2.4532851664082678,1.1225409208063015,1.1727477722900328,-2.148196381029415,0.5588200099272005,-1.2442666134726708,-1.6943012261393937,4.334279101865392,-0.8375723087807204,-2.1114012517832386,-0.794595893638326,0.3953695213425352,-3.1234684342192818,-3.5395117502722466,-1.464853443337186,2.5113651411202786,0.6180754125977556,-0.42364035566352765,-0.11101268084511352,-0.7921809648486456,1.5119462704480835,-0.5054769428872108,0.1280921859456955,0.7790642336536042,1.1705255852638359,1.3829086168389213,-0.5312493220482384,-1.0348601626620189,-1.0271551906078042,0.5285797499840312,0.4861254481552071,3.0
-4.875768044874385,1.598878627898619,0.996029634390409,-0.7301557275912419,1.8122791821817774,-0.0879597652962934,-4.106262114426923,0.11673076275981017,0.14156114060857033,-0.42250938868556864,0.7110539165536779,0.3527581633687416,0.803316329159975,1.2092262538698593,0.40488785503599256,-0.4128285339456157,-0.8185134115119235,1.3839052715776268,-1.0548378746597489,-0.3423875493234252,-0.5773505252747786,-0.7152515443370051,-1.4105521931670904,0.7104309832230363,0.2161618040306267,0.0830258603300185,-0.10788714944982178,0.0346674733247003,-0.021301624859859515,0.0934448777817346,-0.188282394477629,-0.9095337383914706,0.8880336599993212,0.16059833102573604,2.0
3.4920232690777273,0.3021697534122498,-2.845659105881874,-2.1112220454112567,-1.6551930854636432,2.7657076783470473,0.751776757240225,0.3004459073236737,1.2284940647748335,-0.3394360743773112,-0.918664546392242,3.081504494174403,-0.6518294872174196,-0.1409913785516985,1.069747231159552,-1.327762820642737,1.8906985551737931,1.9632069772052254,-0.6125693765153751,0.6548256126670452,2.155059549454449,0.7532061493314338,0.42419450348280335,-0.08415764674196084,1.0851110431900768,-0.5362869690897781,-0.5780603811522115,-1.1277220807562416,-0.11137341803794784,1.2821848274667598,-0.26111574113501657,0.45601625828493575,-0.7724005227925518,-0.8646714925709699,1.0
0.8657167865311362,-5.250557216657608,1.8442751017078292,-3.6407470340628953,2.213371080856624,1.4677389010681563,-2.1598605452661293,-0.21703421890098373,1.2282630152586902,0.8397687199382198,-0.9073481723976277,3.004257206151052,0.1855696160202049,-0.0036866378031064767,-1.062684349954397,0.6867275605963634,1.2761812172570444,0.252588666368841,-1.4080248492997935,-1.2827155142935802,-0.4189546750384111,-0.12645438061018144,0.09554481534897812,1.3488017196876332,-0.19108348226624694,-0.7945366842052674,-0.6200167022366034,-0.5498008985132022,-0.16486449546297177,1.6518707403175357,1.2224051212368348,1.1784681503963677,0.16191631208756369,0.4188730936075922,1.0
-1.036875429913214,0.7883518009377793,-1.7788636248760925,-0.29827462087534734,-0.05835344609093983,0.9849326207961916,0.9924322424383519,-0.8917996260959875,0.08363853887596572,-0.06765758965296793,0.8964640168207375,0.948117818610493,-0.763384656460686,0.6579080465348498,-0.5411564104396351,-1.1206682839283317,-1.2354102277337455,-0.40055695327346735,-0.08092485859867828,-0.449418962995149,-0.13535594899268666,-0.5105043134093155,1.1319103732734843,-0.6542219120253124,-0.12258494273576809,0.4886025460982549,0.1952386427165118,-0.5242112438855007,-0.543744740570087,-1.1252038910650832,0.9031369027309936,-0.5835997899373528,-0.026090084837825746,0.19228676320805016,2.0
-1.9956672219826752,-0.19436589986115446,-2.47216036579186,2.587490371802623,-0.8000359818947084,0.9290351580117632,-3.002532233182819,-1.5446273970317097,-0.07203120067924695,0.9251918693273855,-1.493865938680734,-1.2852591578332448,-0.9583490538375858,1.139046721393276,0.5196395005283287,-0.5475433417067986,-1.1896255207154571,-0.4368796636950246,-0.2644263311672039,0.7622099246356935,0.21130919113815477,0.8355238891592818,1.1833159949071248,-1.015999902089765,-0.8562318271867777,0.2611449375415858,0.6870282407867875,0.7777328835866739,-0.4756886175186959,-0.12265931462088592,1.236320811885005,-0.1062231923916648,-0.7444023603528939,0.6355730908207857,3.0
-0.8909831541918983,2.0348814841860823,-1.7620570210908828,0.3348032801048473,2.267087379117717,-0.19785931324916986,-0.6500223863355861,1.6183243271965608,-0.41917600892969964,-1.0524368119698153,-0.858299144620185,0.23606390208131312,2.3696050111788054,0.20624858734321275,-1.97074994306649,1.231734433940987,-1.4976616071386437,0.6626916833703351,0.03433004250538842,1.5755981381753963,-0.14646657378896774,0.3034053228761097,0.6539960090636453,-0.03985209074112527,0.321727258560656,1.8919337386818595,0.5993234554704927,0.2703564359897617,0.2867807424487694,0.9011397240715274,0.5545781481692484,-0.18978312754981805,-0.6749964073331081,0.7087861585888541,6.0
-0.6308281620277911,-0.30614096197249974,2.260952846691334,-0.4727140987487695,-3.39304812735852,-0.44319350302334215,0.35611921293477655,0.26814517353293604,-0.6681357023729521,-0.15976602632716785,-0.3365335853437828,0.6436436031518608,0.546524316859642,-0.07525196748199746,0.061534374966088996,-1.00050000213553,-1.5976109207414482,-1.5688993722395908,-0.08378275537227967,-1.0173445630794582,-1.1508823359586864,0.8627619519226466,-0.6696756187256547,0.7477231838518683,-0.30756248798391295,0.09803923465006516,-1.162342163615606,1.1776731509392584,0.8556645611866395,0.02824170747082038,0.33233375834498646,0.6369473784045452,-0.21722647274291595,-0.03180472187369706,4.0
5.252846431845534,5.003905177225715,5.903710954198763,1.4896334489250562,-4.601240883144698,1.0024960730884165,-1.817605237519139,1.3547389580960523,-1.8269356301783954,-1.832824008078009,3.4185765333733595,0.29761885306870384,1.2506411256934153,0.14744124066900868,0.9232673656725873,-1.5565771173139356,0.10753402373938238,-2.440008097754886,1.8244467614313975,1.3882410928488313,0.18045432824286148,-1.2609011876357963,1.7179702441591744,-1.2991189565883652,-1.1335758569083738,0.2889811334877026,1.0930505571676037,0.5978468100530866,-3.2101309935670184,1.8863999864707781,-0.6629384210640639,-0.5148987665254724,0.08760481803345412,-0.20686098905918993,4.0
0.5744284625175355,-6.54150964386971,-1.8427038496814545,2.2885053618591633,-1.9155837151724,1.9135489311035185,0.2835354575810165,-1.65767040087082,-0.44342503541418726,0.353814210994472,0.21260813904794676,0.8128040579410044,-0.24188864271267574,-0.9012750734124407,-1.3325742763572674,1.4657917332063917,-2.617721557299688,1.7001168153018125,-0.9070061121972506,-0.23539714971153683,-0.19976173153634194,-0.022410078775899605,0.14687999108993732,0.5443312822236233,0.3700209765306465,0.27580260373404636,1.9789511763179386,-0.758745179388046,2.078209434962366,0.14351280979629988,-0.375794778177184,2.9949732569624854,0.4696617000184608,-1.0462122714996656,5.0
1.6108095747843127,-7.3117970501364296,3.826480215184603,2.2665215831627785,-2.732857023452128,0.3159738998835701,-2.0587521944103164,-1.7493180251901261,-0.4862986742061383,1.6140856199869011,0.15853490453189012,0.5282231544430953,-2.1985677076462715,0.8915185280097356,-0.20510740081985399,-1.7396022497668584,-1.6349765011728064,1.187020468523545,-0.2882139195679897,-0.3201187002933362,-0.7179512789206502,1.6188488819907059,-0.8428582967935332,-0.8390269949514488,-0.017058248197012287,0.32784512382730135,-1.5805811607310838,2.029722138128804,0.9986412419434647,-1.2227146494328092,0.8380668504117105,-0.5249526258593646,-0.3375102873483854,0.9880470044215701,4.0
-6.2730270554233885,2.9676599135819433,0.36225772032791703,1.07244767685816,2.481968383191756,-1.8165284597575528,-0.9278999324829715,-2.0927342670465436,2.6257701696417204,1.295951684415017,0.7648183239581382,3.12261379254177,-0.16533088910290744,1.614894723399352,-1.9342521863293798,-0.04093749102498672,-0.12064473761851857,-0.17372564556209724,-0.6311722343956506,0.6052661446444624,0.8725591134312958,-0.6360872311564824,-2.217830407795085,0.9310085150540864,-0.46035387444623493,-0.4296644432679438,0.7276867884201401,0.545405384450718,-0.5565301025555145,1.4395283246488744,0.24775822733160477,-0.379726107485202,-0.21787561488168078,-0.5025480215281808,0.0
-6.9575176601012005,7.776547750644694,-1.852680046265214,0.21787139331542735,2.1136876702105845,-1.1863995953703907,-1.2970001629401176,-1.6151443233087186,0.9848741024015318,-0.856357345963215,0.5182875615147049,0.6361478808775645,-0.20484564229345154,1.052005309236543,-1.0125635112991573,1.475526393367501,0.3530326352498107,-0.6982320041668768,-1.4407366912918154,-0.7992140042103676,0.121927470618548,-1.5122457230385582,-0.2637827114712818,-0.9281889126571464,-0.64624921518753,-0.5052447339183145,-0.2655331524745042,-0.817441748820971,0.3288835408583778,-1.1183049390292894,0.40308310741638415,-0.6791782421453171,-0.3773848926520603,0.5358156856216992,5.0
0.296367690728885,2.2385160940777613,-4.017357147575183,0.3822258551695113,-1.3090286815214878,1.759031849045545,0.15002865972457452,1.5390671920842398,-0.6532114370138263,-1.4676491564103091,-1.646325032368175,1.4873498677748067,-0.2760203059001703,1.4878911886661543,-0.6467456874120855,0.2128227714956149,-1.7641690078727092,-0.6138018474942022,2.7838485630140086,-1.2000339555442585,-0.9927102132338146,0.2563667480834025,0.14344934956631175,0.12909436355576967,1.3979425544186288,-0.19671678415239469,-0.3038538613812061,0.531281201619461,0.09030085499283917,-0.5896808518397014,0.7764005622679271,-0.03472789972354152,-1.2024786353226045,1.0856991833456802,4.0
1.450774262164711,-7.221775330723607,2.99432491497522,-1.2711170924484425,-0.3909392142383635,-0.5171056092694778,-0.01969886487498666,1.0373279583190471,0.7077488881774436,1.088647351678364,-2.404564704177739,0.3643885398128974,1.1984075250366144,0.6877121969582214,1.5028439656476398,1.1820397506769953,-1.6927246868758408,0.834185623032223,0.7927033117799177,2.396715803606852,-1.1165484396970116,-1.4313771774746584,0.41375576590348295,-0.9216930321880888,1.5596808295576479,0.6999168573216302,0.21793927405180324,1.8116784138442144,-1.0258914246019657,-1.2061923566697936,0.17550106432551457,1.0838161485430642,1.1788751379190157,-1.593226369749752,5.0
2.491135767437767,0.07262987487126779,2.7721489487956594,-0.9125642736396744,1.1254522385183328,-7.137017009695024,-0.2205569622669539,4.021286820654725,-7.020549385197589,-2.8307470019131573,-0.6933772093886121,0.4025865983454244,-3.551324890303988,9.276501963520408,5.720444392039704,-0.14899983062551353,0.912876505138668,0.562872682944221,-0.27439328673727237,-0.2643907632250552,-1.4791885678267322,0.2554754954633146,0.15105873550172644,3.925094955057561,1.4787818841486033,-0.2864896269631224,3.0458995134843305,-2.7758902951874824,-0.9207423782729335,0.1466466560010201,0.6967181593990728,0.9745843936335374,0.8836054662020684,0.5704621716904691,3.0
0.7423250840394157,-0.8150345705646949,3.308000288773065,1.0698006755790208,-3.864896603634627,-0.8736921908891151,-2.375922899505691,-2.715715242906058,-1.4580910901524597,0.5722191270095848,0.642949429339194,0.3982367584823703,-0.06850633683400692,-0.6550692418770904,-0.949413412724229,1.026929556706644,-0.39457928696031586,0.10669905759242107,-1.4961527888290562,-0.0006034154879176511,0.1633401890440763,1.2017077550889261,-0.4292129488075525,-0.04463499865339063,0.3907868551635801,-0.10329443566154675,-0.2037836524525535,-0.5954347212812241,0.8360180335471545,0.26512468236198433,0.3811583739989343,0.14859862026785392,-0.12095490482470511,0.08382236865081763,3.0
-4.284337854250314,4.421098210892288,0.04062291608604448,-1.1026031987867553,-1.3353790173804188,-0.6868945436291144,2.134878652437788,0.5175600350465238,-0.636357653884463,-0.4598555421961727,1.3843833627600193,0.6175301480470288,0.3893970476594372,0.5389186426577586,-0.772383313763386,-0.7755950728584234,-1.1581321599531373,-0.3703685652435474,-0.17987400157639616,0.11860277641890146,-1.0587136591970003,-0.5554997429518158,-1.4979987158726173,-0.5387697376700161,-0.07913672269032196,0.021772631115565547,-0.5373900847118368,-0.0733066557760499,-0.28394763316377886,0.5995701119101735,0.10443158817939925,-0.5542043744688387,0.653376870228876,0.16533800425619674,2.0
-0.39896151515805867,-0.7999061081724987,2.1239754486943343,-0.7403879151442049,-3.570413369482843,0.13321012810690047,2.3252408067703483,0.1013782391732477,-1.6905148330866213,-0.8551055084949694,2.4512381188123937,0.9980794485991505,-0.1690385909232865,-0.27117676765064586,-1.0342458945191657,-0.8408182682274203,-1.497800522042105,-0.0003251204213425585,-0.7387601342948888,1.0005720961111149,-1.1321425454736322,0.9634339487508752,-0.3550112206514677,1.1391483692040723,-0.9571206634604256,-0.047179736570756345,-1.2447206571820584,-0.752130962700786,0.3681553394203828,-0.18177418301304143,-1.3174454690343202,-0.5389328390656608,0.5598044668277227,0.17417970659090024,1.0
-3.1052200173352693,-1.9048011141971029,-1.8064618876305372,1.2136451655162879,-0.32375392222570787,1.3682869861040297,1.7750996913290347,-1.0343714672121855,0.10749139472707063,-0.025053068110506563,0.7635062460014427,1.2382298999631967,-0.8782492666612833,0.48190790717499327,-0.35950647766205196,-0.610997422413199,-1.8296681038221756,-1.0338677755108228,-0.32905009415688474,-0.7576485905565438,-0.8213999056660811,-1.1503843896597659,0.8202043156847956,-0.7537218039519289,0.10511239075140615,0.5848087928380263,-0.6978080303421473,-0.4209357437186349,0.3081255472354104,0.3334971117266229,0.4769573617025548,-0.06807085788113308,-0.10571597709739079,0.35794702564022063,1.0
-3.758068459008645,1.0004529368454183,0.3679076827951413,-0.3340025328495296,-0.8804125697369704,-0.6639223828080563,2.188576218226618,-0.6114297447597213,0.2455340113374823,0.24764174435101932,0.6759023783497842,0.576271299636644,-0.2663536261166492,-0.25056896116091354,0.11543408099820959,-0.8247143474274531,-1.2772707822193885,0.28545279189793293,-0.04699803802231866,0.49200803131438337,-1.4806120019277662,-1.2742967309604114,-1.0516658151624096,-0.32152361286990305,0.5431018558073789,0.22580380747454123,-0.23669464535977633,0.23906321962230936,-0.4112647070515574,0.5160449032065697,0.7789182691448184,-0.6636417501372641,1.3951824034852605,-0.22764234755427776,3.0
-1.404527414724358,4.1647200891745335,1.2296521668899119,-4.1941133359544365,0.2945689884458457,0.47808546555494286,-1.9377069676213754,2.075987869152995,-1.6851984858001143,-1.9906738980826728,0.6321923628489823,-2.314558572723607,0.6803945565146535,-0.695560742643145,1.5694574134595074,-1.031679379089191,1.2974728807548679,-0.8304441552011939,0.49048755506650044,-0.8591675803753913,-2.167132419924376,-1.3304753725126777,-0.4181884616357502,-1.3111540335628966,1.9843679281144946,-1.5353034192836192,-0.3352081975726913,1.8653814706687517,0.29107579425427305,0.11830252577073051,-0.8431619570191571,0.36086278618626355,0.27791448450794026,-1.515409579683034,0.0
1.863446869154108,0.886284796836337,2.2054660972653366,-2.1887683764477797,-0.9389738973336739,-2.232975668501226,0.6856317328842819,-1.241946578379608,0.8722156259936049,0.01621689167103344,-0.8587330148382892,-0.4142307395841518,-0.588963279551791,0.09549648034850883,-0.7422604522317097,1.603007505879049,-0.9990099916194453,-0.35014497187209564,-1.1165391636261532,1.1630186589899376,0.11022865298946799,-1.4384736025149623,0.7066371003280074,-0.8956384171458273,0.18563627988434964,-0.737300806567166,0.03935505063932046,-0.9318504613560615,-0.4789860229515263,-0.45231565720998845,-0.01646952190721363,0.9981874065627612,0.9581072449593624,-0.09177552670744278,5.0
1.2197478681518137,1.184570449897055,-3.1395123694842306,-0.8365900511568828,-1.8186889159430304,2.173044077614647,0.9164680649705785,0.9423591147840353,-0.10436656516438778,-0.6798427547409063,-0.967889051568083,0.7419780538966753,0.21140761491069818,1.130486352402961,-0.794482380524128,-0.2932976124809431,-0.8036231114771053,-0.19979267186159272,0.3687899579129191,-0.9835766809123236,0.12252149217893397,-0.3804855376346999,0.1839923535270274,-0.9624778547177871,-0.30705494576654857,0.2823907364891673,0.1289435460432721,-0.7283841413236485,0.061121626134869315,0.38439922559175443,0.1417786536718403,-0.08639429377926047,-0.874322711681769,-0.39045572858924016,3.0
-4.046304237171662,4.905296426731116,-2.136021814949724,-0.4825633044733748,-0.023710938183700056,0.4921913797825306,0.4761220279104435,0.5953140855568534,0.0943296870029921,-0.48076552005574064,0.10080461849432254,1.6865488799681516,0.16263887139255154,1.2118319584376538,-0.8565668698452171,-1.0661895423501575,-0.13633981149825408,-0.8616180366574472,0.19225554736019793,-1.036027207326429,0.8003747161417913,-0.3927485634292778,0.14576214018701336,-0.7413398966297868,-0.023077323008014065,0.5483814876839795,0.24882756831639877,0.08930449712036255,-0.12934003473659433,-0.27779094714129693,0.8478739134529281,-0.30955085789902625,-1.0944388225331056,-0.5635478521530244,1.0
7.907122064988129,3.5126949247534274,-3.9738498181176176,-4.222539777724862,-0.5801403185184548,0.46461559247200906,-1.45469606398541,-1.1780558340780978,-0.8882162717662333,0.7890992174493803,-2.692397743537951,-0.1870357276996296,0.056174473297587874,-1.3124747440587263,1.3258100386633518,1.6905089710608994,2.9544517953725307,-1.6397497982213598,-0.6461863454502623,0.6842834372034046,-0.8100636682098954,0.49572393572287926,-2.04633203628793,-0.059651600183355726,-0.5747881927786265,1.3480382961993835,0.5538507171186849,-0.006807005425006174,1.785942709226863,1.0115774397322372,-0.7433292065148582,-1.1736225046868827,-0.8645154742054216,-0.10935316456665531,2.0
-3.753220031427772,-2.206396819895709,-1.4511002383674343,0.3505691265293018,-0.03779654221394227,1.360662711032531,3.682776550097362,-0.4095404491665631,0.2408887119538845,-0.06089886920844728,1.0313815584746255,1.2214729862376996,-0.4199039881402763,-0.19685080026923088,0.36307238086099836,-0.10298337767998852,-1.2143172484778466,-0.7426373506949459,-0.36723885949407403,0.5737210292837788,-1.2681396960763247,-1.6587959330540811,0.30176956052169385,-1.2993391235696226,0.6017539122576359,0.7394276675292791,-0.5112199112067642,-0.9317533750245993,-0.17142022350841438,0.11562267351719557,0.10009567240640506,0.17920511110320264,0.49427398783739057,0.36636964098894764,1.0
-2.213001571360982,-0.8894644152737602,-2.126849197430473,0.7901174138983615,0.6180897436499023,0.9497736481828474,1.2085870518673232,-1.4881494275487464,0.39187128686156325,0.10855030267790478,0.6157539421850962,1.4190178172305672,-0.890910759528347,0.7716630816805615,-0.8642763133594183,0.17695665816321857,-1.6588656393972296,-0.8099773992349405,0.10727759505708662,-0.9465169433029642,-0.4605174805591847,-1.2046044278215151,0.35005210991285385,-0.9047677403768181,0.28406175423844626,0.20690912485059618,0.12755279670176267,-0.28091461016133057,0.1268420240092385,0.03382336367158449,0.8991189797838309,-0.2653466453689667,-0.32972871728147074,-0.13681610972745897,3.0
-3.6377888157599205,-0.03835487130400025,0.08512798868254927,-0.374831489673211,3.7798797215653606,1.1778438728160567,-3.6163117027490195,-1.466255307553884,-0.5377656071094291,-0.7788608044061854,2.335031600212057,-0.44341588251573827,-1.8737389137089637,0.29057062041023357,0.47714132624572425,0.38978340487528484,0.4467116842015489,-2.619132415227099,0.06131972029384966,-0.413047050216458,-0.7561533602341827,-0.9895943146583953,-0.31874411165309324,-1.0812734196606528,-0.632913268787716,0.260389035454679,-0.32839115883866377,-0.5107415203498714,1.0401771578421042,-1.617484054872384,0.010201093567147976,0.7065001767615999,-0.012557368155617525,0.6754510857742791,1.0
-5.767932263154118,-1.6328264089052953,0.23531735797517853,2.747876496319353,-1.9628275740528294,-0.4468722608206328,-1.2174107596165897,-0.3030091226652239,0.5436081970791908,0.8495037804383162,-2.303383933301291,-1.7615784190083075,0.705772630891963,0.414400964437032,3.190973758001527,0.46150667761764347,-1.090585060716509,-2.269092525273697,-1.4296982360366146,0.9498522385802047,-0.7090819797771798,-1.9360964569905004,-1.773335046970375,-0.7704839567409095,-1.5415149159804455,1.3200928471709505,-1.1164253468096714,3.3321856139008927,-1.094505956782287,-0.5720912414008252,-0.42747311828669715,3.4777814412996957,-1.1633269090121394,0.24504846842290495,1.0
2.4703501563947174,9.221166513416756,-0.5807387951490823,-0.8025288041070023,2.5686706417535854,2.5481064326616605,1.5405561189524704,-2.1718091705957163,-1.4634566886217946,2.597136208425335,-3.1007250908868706,-2.017242593318995,-0.8209438770730614,-0.3120065151120855,-1.3399410846581947,0.18034479916010143,-0.2508229082386179,-2.4799042134025657,-3.9259908111145196,-4.414394981645719,1.1209129539065765,1.9781830486652525,1.2097719614702864,1.8491677806861606,2.2958895557498176,5.512371614658822,-0.6263004092054583,0.6115432674906165,-0.49415868731505824,-1.2961264257481357,-1.74034808599375,1.162658700458658,2.9438163866964238,-1.391966863700787,0.0
-2.300899895898532,4.61451585503445,2.4135235303801226,0.9920328551316137,-4.197678410419921,-2.7599507885279664,-0.09953129945631854,-1.0967188194457531,-3.4098868821266306,0.8712332430406567,1.5888745862387539,0.414683933062936,2.534131801258314,-1.569637854398696,-1.6071820211977086,-0.828579921144464,0.4249163746367188,2.9760600991835156,-0.014434208112346313,0.648297083557884,-0.21647254487552478,0.4375576525068661,-0.6313680812074933,-0.711133091982395,1.3526177886792778,1.6919468084929237,-0.09162030229474878,-1.296208173588691,0.41197808747239384,0.46689886193280594,2.7387437674800608,1.0003681667822386,-1.0063035265784555,0.8178540387454502,3.0
-1.9724858873596762,2.703121346920823,-2.4592608028707774,-0.7830735436851894,-1.2395176796267888,1.1269037578012455,1.1310848063434562,1.0990654429588445,-0.5117983726902353,-0.05408629590982074,-0.548907426402904,0.7282406983352657,0.3389863073831619,0.8119561728370617,0.2039440666755785,-0.775124351780918,-0.9295350921802853,1.6263868475326264,0.2941605896169351,2.051486027785235,1.1138578663595469,0.48056463042786507,1.1644314340665454,-1.4037942892393152,-1.2744961366846796,0.05100463287570006,1.73669764412641,1.4438196324665675,-1.0520397311524416,-0.45681569729936217,0.8083182976920633,1.0123916028731483,0.5968309795958366,0.18082604087140522,2.0
-0.11641570854866315,7.3795783713438805,0.5522080965483299,-3.899215065497758,-1.67049496118506,-1.4450554553185593,1.8171976724191654,0.5347653686090085,-0.9799919966583344,-0.12834038983347174,1.356897284763319,-0.20190844081454978,-0.28105313174833346,0.8367487457258239,-1.4314406020109873,-1.3950060801561017,-0.19157218252588432,1.3407576315837852,-0.18713798491186634,1.3901421293080858,0.31627377147163155,0.7282835850946223,-0.8315512133849071,-1.7408638708581479,0.3448156970134398,-0.04834795903993247,-0.5175008398369206,-0.4183092636130168,-0.9341168027916342,0.1688985356007011,0.5057111481420412,-1.1954517287468995,0.5862237948712716,-0.059324969239578744,3.0
-0.6416487545847187,8.515380999191418,1.1627463343129518,-0.8455708812904879,-3.1166735928530884,-2.7141634489241984,-1.045562084094102,-2.0741804954674947,-0.9563032784380995,0.6325517391089758,0.3498481264497156,-1.738686511143023,-0.9146985627038534,-0.05927549701060529,-0.5470358326824984,-0.4373068635576643,0.02695667811013509,0.932590445940941,-1.0299025861328543,0.5891724287715625,0.1773678168082638,2.19310698394317,0.1682614965141185,-1.3380556747158618,-0.5649051457254644,-0.321807190716798,0.5994096017452086,0.4366846793228511,-0.7517790554214282,0.9114666632608487,1.8678606479653397,-0.37820072071096583,0.5708055132111161,0.6719591261408483,4.0
4.284591777881189,-1.5519098500954867,-0.7066506186782383,-1.1064541519189928,1.7376212321240088,2.1561924124953227,-0.4975757593533204,-0.49080624664127237,-1.9823689704858805,-0.039736784626445254,-0.057182397453112425,-1.1621901987995746,-1.964362729986413,-1.8293592595662986,-0.3144394357351734,1.7810795066173415,-0.5385265539469648,1.109994016321263,-1.6541280739317057,5.243780122078299,0.5857039137755536,-0.12032581538335836,0.9754060127413158,-0.08129131574539723,-0.24043376732241778,-0.0688597379348345,0.6702741710286784,-0.9379320601843623,-0.5376251811121678,-0.2530945291449694,-0.3983405711043002,-0.7557184901002681,1.7602264189540622,-0.13798925297212009,0.0
-2.2416743219399624,5.210504684311582,0.8747965538434852,-0.7401598187913668,1.6913576065687421,-2.745770431008088,-4.436239074953109,-3.3699145374906294,0.9292764014802546,0.9558486367297903,-1.0538553472063166,-0.7069345137555688,-1.1995379624933802,0.8653875050186645,-2.432115741614991,0.9650724275277518,-1.3958981645926594,0.25638042596133864,-1.9909491990758394,1.402584425753738,1.0088991956809288,-0.9993513053124427,-0.849990231282361,1.4283685763467768,-0.8468620389521402,-0.3149588530143823,1.3026880378865218,1.4111643323748673,-1.4243162882712561,-0.4607693023698034,-0.5098371551901022,-0.11508781339934529,0.6735901858818251,0.4849226595361857,3.0
3.7265113543865467,0.7553891980368999,3.482900893175245,-3.499684767370635,1.4656015568278113,-3.8477697033907936,1.5087347644043085,-0.16599926699396744,2.284638248168353,-2.286298393200657,-0.4500218239790913,-0.037849457769774414,-1.3494466623752024,0.2628443571801573,-0.37322499970014295,3.3542903462019202,-1.3715839857139471,-0.9686217616404345,-0.3299224490188833,-0.016941371652895304,1.2078153159576466,-0.7942295020504861,3.707356097060378,0.3468823162805523,-1.8319882841238617,-0.41444604545320607,-1.323356046227042,-0.7304704656437515,-0.8610868427500855,-1.4365314053085056,-0.8341883084623836,0.936448747199331,-1.5276588761003853,0.29843204017598796,5.0
1.2131473465006541,-0.3586507008359208,0.2423377984028161,-5.476094388183871,2.86878514553201,-0.2812402042827006,3.167751056868224,-0.45360723154870336,1.2816577482819067,0.40587332652292235,-1.1370626303212628,4.105566123984853,0.2810927529442224,-3.299008877686187,2.005568091143596,1.8912356619624309,1.4849824944587204,1.2695575321796677,1.9486212470741835,-0.16665113148682253,-1.1647850156408215,2.358075740850587,3.101628215042649,1.935850521960902,1.4871414645393275,0.49563479617654,-1.8338341102145894,0.6162549719642506,-0.7226255477076882,-0.8714822753537439,1.9020219928439337,-0.9545200352063707,0.3101915555768291,0.9827922128644372,0.0
1.1527881504145483,-1.491471096128022,5.068201552335587,3.852453421817268,-1.863343433275776,-3.238209528595522,-1.910285110424972,1.2613476637702077,-0.9368133037467453,-2.8680037701699383,-3.9809690536957882,0.6872213752981845,-0.7674925628954749,-2.280999339537025,-0.26099682542261643,0.08724737526278144,-0.1260955631433472,-1.7171289144247284,-0.5399588241843293,0.9191195375201151,2.1087170479770037,-0.16860822512386764,2.669087279241662,-1.2188127477303954,-2.0201171263078366,-0.33039221851475414,-0.818259877549375,0.5328133586604861,0.16775280163459297,3.461849986185779,-2.0894149355572735,-2.052769958954483,1.4639568074186389,0.7283660092750347,4.0
1.9198172640533713,-5.011175338323843,-1.7510767164823733,0.08540213719387073,-0.34532980273747854,2.062918778568161,1.2291536303415458,-0.4522856366033373,-1.0495297304912878,-0.058646630156747384,0.4170390913078239,0.4269302789438767,-1.8969774104592458,-0.4190904443498869,-1.151876485142647,0.37160694880675593,-1.7473299411272063,0.07366683351425818,0.0008627848856587641,1.0574899278870704,0.1536874796977521,0.5757112590921196,0.48519437367904017,0.6517326683752488,-0.7601598820045339,-1.5504855635508255,0.18228146545891075,-0.24495640351196943,-1.654182780361096,-1.0689574642841717,-0.066559504629181,0.8509339022534982,-0.20603471378712312,-0.07662340434268407,4.0
-1.1024447850174552,-1.0365899205667901,1.8431355281863728,-2.896492916920069,-0.07159438752758691,1.0400878805195388,-2.381237818042237,2.6256628374287847,-1.003402342930133,-0.054020798507103875,-2.598883417249477,1.646100547012476,3.516875134940167,1.6740931944849424,-1.0224187363792505,0.6168745707401525,-0.8450521272518724,0.19020349779463291,0.46877631420962307,0.5368559187873709,-0.012153699865887428,-0.36307822920998817,0.06558549950864062,0.20450597994560554,-1.0221480828823415,-0.19832034077683386,0.4480112843522159,0.7232726077436813,-0.4116417672308843,-0.9195146104089656,-0.6383099902480747,-0.608603402617284,1.1648946857681513,1.8628844151563608,2.0
-4.2896859443733835,4.113600846539283,-0.17838254430454453,0.7710182098355135,-2.348622409067128,-2.2490363103008626,-2.9754730106348655,14.65105004711376,0.30300028054561257,14.917658630676312,2.648441173675556,1.1363059418845134,-4.981112833328443,-2.814527030874825,0.27456535437216617,2.436898944092806,-0.6920812437946763,-0.053406711685871605,-0.4384411760142926,-0.8194300567067792,-0.05271503614678503,-0.7258505510588023,0.9059917520051356,-0.642503676748528,-0.1098863698512648,-0.4196595025741586,0.3450762565305737,-0.5694345219995464,0.5080749851255645,-0.13823301350103134,-0.5336196595807505,-0.37128201597165084,-0.5271087444713518,0.08847820633848187,2.0
-1.1466886521991808,2.6463064012567803,2.0114180741712926,-3.839903188046573,3.5419356748370454,-0.3216399820288008,-4.818833902096935,-0.4247779792343586,0.09929194198906914,-0.3045029158399307,1.3340351707520823,-0.7305767985418231,-0.5669383494909861,0.1957597275316804,0.20004214201932713,-1.724086458737361,1.6743345244961938,1.866315514976481,0.8803257038041665,-1.5345084790111325,-0.9319961239009938,-1.2397449854542497,-0.9494439656011834,-1.9912939707363173,2.4120768611603696,-1.4632832355033671,1.4365126801566832,3.023875274590314,0.30631365268746014,-0.36874204657197046,0.9549761123154784,-0.2299565524124238,0.21257547189904336,-1.2632701527693828,3.0
7.643913643459383,3.870390951340488,-4.7166069954669565,-2.1496962045211485,-1.12321833590866,-0.4907726990987096,0.5969949389487741,-3.01861139267469,-0.5737873141012488,0.6109840404944922,-0.6476540981869355,-1.337168266249701,-2.222828230597629,-1.4821243098270713,2.301627642665447,0.6789632361441976,2.255985578752223,-1.0809616342909096,-1.0842247721655949,1.8068986130464748,-1.0465473984581177,1.0609498403305264,-0.7361155563215801,0.19007061473068043,-2.2367327385542652,0.7995789890389312,2.3894219227354703,0.27663759064473314,-0.607430671966834,0.2021105140524678,-0.1702111651016244,-1.0072815516975187,0.2930120016511683,0.5942084999157995,3.0
5.7244952672915685,-3.7402559706112775,-1.1472393671599714,-3.7103838061951424,2.0397993922594733,2.4242800464862997,1.5270237020684618,0.7600840102181194,-0.8123957941374392,0.5745394834003053,-0.8978137321028485,-0.005555864581646457,1.136845372249381,-0.09460695442068234,-0.07742213168811714,1.4276809856044428,0.9241266036473624,-0.7078102732678406,0.3852195698329183,0.3891138155065739,-0.8670478303192969,-0.2480196879779473,-0.51813500270192,-0.9350846414545133,0.48905632696043594,1.6812988218936171,1.8229467715569625,-1.3308820978462894,-0.044002300317912656,-0.18495114273290586,0.06086829131681861,-0.36531530808012513,1.2552636429491966,-0.10981504378685907,6.0
-3.445969760129587,0.936083545231598,-1.281361896031548,-0.6028556875795231,0.4274104225352901,-0.16865746838202286,3.44922184036419,0.2698626417194419,0.6847066331072236,-0.5581917192536686,0.8447323270239183,-0.9130274852948733,0.7909685943035978,-1.88704453948844,0.8708226516153432,-0.5090947154435218,0.2995039099789521,1.3103219720870778,-0.32456332679754357,-0.4272540578122754,-1.787648645375933,0.3279907974458389,1.2911131342345457,-0.20069659462395292,1.8409373616541402,-1.5954894085556128,0.6755422337368865,0.6270080407229132,-0.03408125539731746,0.44405155044514955,-0.4295142460825644,-0.07352630985955963,-0.14460659582251137,-1.0324325190430692,2.0
-0.7571051684102365,1.107043691630511,1.9948694456825182,-1.3078013882210955,-2.487221589760092,-0.03984948378032536,0.45284874316841145,0.6137607431251341,-1.2493217250607909,-0.7688028792779148,1.665699844227046,0.8968278834768868,1.2112294778769295,1.2004226345102118,-1.1856789390800853,-0.3124017616056232,0.3290666641224632,-1.2676793468426861,-1.2035078350618778,1.3267908508885815,0.2662608890595983,1.3389477801082765,-0.9277868100851432,1.2454878400427125,-0.8001522742102748,-0.1269242223443699,-1.731474633918528,0.860463989146235,-0.27635646445001577,-1.3260449534027667,-0.7790582357914432,1.009756838926868,-1.668427834000303,-0.2219580401042148,2.0
9.23765308701501,-4.823240301742008,5.037221412808676,-0.16521965869708216,-3.103005950924879,-2.1734260858355356,-0.4406546140127151,-1.5815816990354497,3.622781809196698,1.1962089047529705,0.09700964189185536,-2.473276359498055,0.12214392840978901,1.7656154578289485,-1.243805965240777,-1.0403783432161928,-2.785257734318565,-0.8459692272653175,-1.6010058141258006,-0.37572969246717786,-0.4188830257254938,1.5711413965552097,3.538362333351085,-0.8532547350732195,0.7064936004821205,0.7373767330240426,0.4347860508474983,-0.03281456028545836,-1.0554713302051804,0.6953524565079386,-0.48230570427146807,-1.1187548706256183,-1.7230105225261794,-2.555755840351951,6.0
-1.1974333094949496,-1.105916349129703,0.354509010185852,-4.286028579151893,4.990681180284787,2.280262747887264,-4.217598423576265,0.0006708726852247243,-1.284347471873991,-2.656514501915142,2.9634077909437293,-0.7305563330694294,-0.7321764866356043,-0.3758452300723663,-0.1427528472684717,1.739494920372321,2.832118457544684,1.20646354914573,-1.5821445267289918,-2.038097976208075,-1.1795667628723576,-1.5873791801908546,2.5189374393331576,-2.175894014863438,-0.15295218524861418,0.24043593027511337,-1.661302636392991,-0.9396038048391079,0.82940736193187,0.2953790542254973,-1.8170158140334747,1.4499460315901147,0.6938872391688012,0.6495443137839386,3.0
-1.7839889207885264,-1.7292371703263674,1.0720532176734112,1.1492459124042314,-2.2132607984267234,-0.7945279355361214,0.4161809845219445,-0.3152657665145287,-0.18677352638530173,0.3030060993199593,-0.8617012095509176,-2.738448465753796,0.37545153984266944,-1.1145164813624502,0.24638888401645398,-1.3216931666361147,1.0237554929703874,1.2212048205339825,-1.3153044526019886,0.5537829057898747,-2.4640109327219757,-0.6908565691891415,0.0462007351570557,-0.2557741975190522,1.606887619892338,-1.410812146729962,-0.6241790755175529,0.3540714025011893,0.05369353998500592,1.3506621210790768,-0.44898832004746664,-0.6938851887091749,-0.3823977782394699,-1.2533002770918724,1.0
-3.1814330631451466,2.0046612072837613,-1.9211127856569479,0.24133507949951336,0.8189284987765558,-0.4589476255061622,-3.5332782533186906,1.0762982808038108,-3.1342367685668955,0.4127018537213152,-1.3359005758972649,-3.0940618621749034,3.213604243372619,-0.05528344854618961,-1.9779194108772402,-2.046773793285627,1.5243794423275228,3.87039468924103,0.16585958473531678,1.5819933444581729,-0.5504993385674489,-0.8052289430560353,2.3084969103612756,-0.42959650607004984,0.6677624666082392,1.5691371094192992,-1.433037531016766,-0.9288458080367483,0.01932990622048657,-0.5656270947767328,0.9291460093000701,-0.9041767397276457,-1.2762609380509018,-0.7788790987499037,5.0
-2.778050977072996,-0.40869412815566525,0.011333809566982149,-0.8785276028113013,2.5364520455022936,1.38264657079216,-0.7554090411117218,0.4093024069892235,-0.4073290201814328,-0.18894235154347594,0.8425070091745572,0.564375657907934,0.3356424888625064,0.8867879070497754,-0.11898944385023019,-0.7688642160859436,-0.22408474725978492,-1.6768538189861009,1.3459773657799954,0.326391655171746,-0.8426860291977863,0.3085501019363884,-0.19016274522739862,-1.251253773495124,0.4313968135395133,1.1727050015361757,0.3737585914890226,-0.23488073138004975,-0.08114917193756943,-1.0852701031447565,0.8888845372977545,-0.6241544229055589,0.32855177187764384,0.7039800300705227,1.0
0.8476431926194764,-3.235402056695067,2.134522710993503,0.35859037515409375,-4.725167899946643,1.3600237314503965,0.9055982023704426,0.4943622422246827,-1.6558271031187872,0.16406272427716403,0.9174170815674361,0.1590402471629522,0.24952261764458045,0.15481755743053105,-0.22121386555991088,-1.7553757225776552,-0.8202407690764242,-0.48512899659721953,-0.4399576652667435,-0.2029833186607902,-0.6692335397750768,0.6995155462235362,-0.4696693766012577,-0.5108030135974192,-0.35271432984723605,0.40188382287539226,-0.26370104660388716,-0.7928666353652397,-0.19835805912684948,1.48284188121356,-0.6407698950363313,-0.10229172732897997,0.4651329369373302,0.5309627761632183,0.0
-0.16591663187606503,0.027332452673548016,1.2975825112303188,-2.372486858027507,-2.476186042160552,0.8166590145434309,1.4775809672113231,0.33112125771227785,0.8327946637456942,-0.2263092549460015,-0.9235233145068025,1.1866587188344797,0.05833975146435362,-1.9086573660365653,1.1639852715041155,-1.6207814247470704,1.7235367278638332,1.0360114782672485,-0.03820065624683026,-1.9522167631888507,-1.6413886052809135,-0.3958412854349799,-0.08602467865454928,0.3466757637267286,1.2404941694259233,-2.3374650636702445,0.7046532087777859,0.37288314558549496,-1.302627359270507,-0.7625462853033105,-0.7198773657088449,0.6389078068128569,-0.22632637297749242,-1.2749946002466748,3.0
-2.8025318007110656,2.032259084766138,0.5154415182183922,-1.1682241468975039,-0.6791293471150952,-0.9314738396001009,-1.2329657445347002,1.906465891449882,-1.5857063619914442,-0.12321839571229494,-2.164980184333865,-0.503064259595986,3.155850418931207,1.5116062513666597,-1.2147188447731874,-0.6332519994378706,-0.9250730883097098,0.7002487823111614,-0.46687948954284575,1.1011799946348069,0.12110905339495763,-1.285312109298332,-0.8824315705353504,0.0030848973649987197,-0.8819353004123295,0.517290712228643,-0.37279586185841485,1.6516767803160577,-0.7466634312327264,-0.6251159831360632,0.42445454609053795,0.1769053089832302,-1.1085757306441992,-0.46264825461336234,5.0
3.5831062365947424,-4.450894785648702,-2.4864528234273786,1.3803790753336904,2.6580989447805417,-4.575111608715359,1.2191192199401981,-2.483650542048726,-1.6286813555223643,2.121414065052959,0.8457206447694625,-1.6798495508891638,0.9609380589990595,0.8954245329660699,0.4249593281022407,3.672412707899211,-0.10044887745799365,-2.6766302682072762,-2.014650284812199,4.239345658568639,-2.1344694763627277,-1.4474423131797516,-0.2653840481444434,1.6443769220569804,-0.4719508447868019,-0.768822565566373,-0.3623117652429266,-1.844071678596308,1.7991950728648205,-0.11368362071693494,0.7421702054715836,-0.49240794010144995,-2.0556674652831366,-2.6255699835769435,6.0
-4.0660757181338925,-3.2263801415662523,0.0706355756402499,-0.4025839135382583,5.851829600013483,2.053378590050446,-4.021166680596054,-1.0922335787465378,-0.2746348687475217,-1.0364338716230117,6.579867767531681,0.8335066668047064,-2.138614997081845,1.065857159882715,-0.7671789411053732,-0.5249388570247507,2.5337644033338793,1.270553084546068,-2.1369360998208426,-0.0967761780776493,0.8205721961063621,-1.1322855308680129,2.0084633121046,-0.5662649404982069,-0.9216630188622823,0.6106086388757749,-1.1904033127443225,0.24698788728319193,-0.6794888520548162,1.3993098765225116,-1.9868363478319024,2.0487834225277766,0.08861323330218712,1.1698300373860329,1.0
-4.710820702304384,-2.5483593174754247,-0.7354670449201283,0.5824802318749726,0.3852550622641377,1.6240521775386714,-0.7318112789577536,1.8102497740522003,-0.5807309478469008,-0.6932004403214406,-1.0417898928855303,0.8687462397647107,2.281658242308318,0.6380943753722066,0.5941477267031232,-0.7545554562507646,-0.42748063120547997,0.11283586945260235,-0.39085137104550455,-1.0611144043772491,-0.6975266793558652,0.1144207023452823,1.7451403942135961,0.09766766010669985,-0.7445818817613514,0.15275314810710194,-1.0926481750682617,0.21583103536752607,0.5298511514111525,-0.002773886565511125,0.3589749124322946,-0.9656259784094872,-0.3536669276136584,0.33909724315017936,1.0
4.656504707996326,2.7554203677220768,3.635079361877813,-1.9364838390413146,1.9562014878361997,-2.5930947762679604,1.9707209702738784,0.43135227589679387,3.0796794363375803,-1.177689691677821,0.7482157764687726,1.1096175307928828,-0.8982886015994404,-1.5346144776837443,-2.3793162777936927,-1.700901979159506,-1.1037082076606535,-2.2107810066598135,0.7222585794139914,1.2811498566223454,0.5683456073378952,-0.6716028615785493,0.023629547918502938,0.38341981182707635,-0.10930842378908404,-0.7252106104654684,0.5531068033478981,0.34622152177874516,0.1973850511855527,1.0127981768240004,0.5713836396161116,0.5394208686962578,1.7370715500900629,0.23041658223645542,1.0
-0.312149098974292,2.88518822300269,3.6867540862850205,1.5750985346441895,1.850386936532834,-4.501296300106373,-0.4935686298382415,-3.767314571136031,0.5468605496514808,1.5258353794459172,-3.5963945379110305,-1.1857223757719955,-2.400135684033496,-4.264756501093159,-2.614236821482331,-4.15236225844305,1.186985372370414,1.8779759930604882,6.400728296577288,0.4844859953617099,-2.180734829162362,-5.186924441436666,0.8904741314758301,2.3959593553609935,-1.507008538689498,2.9653108432278854,1.8648669639715334,-1.6264903689410148,0.6429851959656998,-0.3704471495097759,-2.0088118568745625,0.9870575580269018,-2.1321391509003873,0.7588973881460801,3.0
3.4319778220932258,0.4640088372988568,-1.4947676562484256,1.4800741164443716,0.6406362832633808,2.500350360930317,-0.9652666315846207,3.182137977859759,-0.3836748085678746,-0.6459448015923305,1.5664295339511944,1.2329065997162056,-1.321653071996482,-0.7667874742295333,-1.2144160072536472,-3.2594744669375784,0.7203352706024707,-2.8239069456679866,0.10209946721241848,1.016029902181134,0.9014169335059693,2.6994771652838336,-0.1870618037403553,1.8647940497166764,-0.5019387962187387,1.0730761728620297,-0.6640246408847901,0.48335041630389836,0.11372919981316519,-0.3341201179928378,1.4792374448932906,0.5885992881002806,-0.8085685730123435,-0.9751321049519068,2.0
2.244646241038405,-5.558543443790588,-0.3467824656871584,-3.173508653958641,1.1484382457773143,3.3204141216861673,-2.0119005168984265,1.977767821234478,-0.08512426260288966,0.21963131662357765,-2.816945977517095,2.1229694752874875,1.5640373317478695,1.6326440735838468,-1.2194167251559147,1.8405829542068108,0.28241349475353844,0.8618198383475663,0.6261579342816364,0.7085592751096577,1.1867051552392058,-0.34108990434466335,1.1473104693498701,-0.3575592186787984,-1.049829028782442,0.06146096696686444,1.7193915431571822,-0.009291706537639775,-0.0594415187750713,-0.510383807334483,0.2742502983861477,0.8644383263992848,0.91563737046911,0.8556449483123226,5.0
-2.776947465132934,-2.134268712435479,-1.1624593912929264,-0.3284402422882903,0.6901202128217343,1.352490282254739,3.472261671923454,-0.9488155550597595,1.2214745742839888,0.22716340757575845,0.9712740850647844,3.0029144345793655,-0.9526952005015072,-0.11187323783334648,-0.4298094715789281,-0.5543324973619839,0.9007556109495622,-0.687639930473691,-0.07669075807766353,0.6866183883114523,0.28987688263543093,-0.8287559343061729,0.7212122658261205,0.5149798045943144,-0.07404604899986415,-0.2571697769458732,-0.03888806327051963,-0.06458900133507738,-0.11752798528574479,-0.4500609528641461,0.4664376559566496,0.25113548341106456,0.2485927836043484,-0.46148854344988277,1.0
9.25513025514608,0.7068266192823242,-4.099134453745411,-1.5691756303103874,0.12257759981713971,2.1659676006853448,-0.8467856138656547,0.045248312847771116,-0.7516949966353741,-1.1241827245307334,1.6152674176516917,0.6779313472378884,-3.0071794539111196,0.9697775992997767,0.007620874999753799,0.4530061801705277,2.2622770719009884,0.01884234241414739,-0.0733402432019086,-0.9619785093257414,-0.340591637889823,0.4650847526866085,-3.0419496579728453,-1.8217949982813617,-1.3716833520318723,0.5732697326425877,1.2551344343141009,-0.31392463659533226,0.2175480123096907,-0.5223171980725452,-0.8930098256733756,-1.5410252484256004,-1.4057675664160467,-0.4702317679853696,2.0
-4.7914609770376755,0.9119967442976415,-0.3585758340411969,1.1141628868125057,2.384499243353066,0.808917665510719,-1.7232609258734395,0.04253976266729529,0.911939516965581,-0.056570762074577716,-0.026436924331609622,0.7681694463241219,1.8662808703477736,1.3127624931581243,0.175363676295291,-1.3958493383269708,-0.22631689429246868,-0.26540215239648024,1.241500598686858,-0.36685134581385004,-1.8742465086711253,2.621127648965556,0.727466708555071,-1.0405321337221518,-0.6030285704269416,0.4630686858218104,-0.4316654430393284,-2.467984400043649,-0.5017117779862285,-1.5430380704399338,-1.247782096507319,-0.32622310078330446,0.05130959760803167,-1.4259792938098772,0.0
-4.3451369244357645,6.606244553688153,-1.6521946629812994,-1.9444013267934523,3.269175025300775,-2.6059874043484434,4.8386364690157935,-1.3925044976182053,2.244147882465532,-0.36900975516892015,2.2308933933213497,2.296632602334319,-0.22039794520860556,-0.732272776851392,-1.4802229213335967,2.5565041865062295,0.48853537207943215,-0.4985661825558036,0.4931700468703085,0.4887821713259177,1.331693227323816,0.7265850637659882,-0.46158414114877594,0.05742763754574506,-0.1585252350480074,0.08225581970200442,0.8905237785205387,1.1603413927420905,-0.5332034116695094,0.920307744253169,0.47707759611123046,0.7365843855799267,-0.7243901727347971,-0.6067591220526153,1.0
-2.588305641125645,-0.1933081687247683,-1.9184154476318485,0.09700644695667018,-0.9115385409677023,1.8186655736260882,-0.113545326669485,1.983477437563123,-0.22882157944927412,-1.0412244852306807,-0.7876116035520091,-0.6397356325323066,1.5040736565990311,-0.3070069470541773,2.184579897791464,-0.8030544425760536,0.3833097402690506,-0.03974353122347951,-1.3021412501283622,0.7066536656383435,-1.2063509059364508,0.9940539478586498,0.595945585578179,0.39929559860745334,-2.101826503285468,-0.2029964954312084,0.8494439338983377,0.1364186550647039,0.382795449925076,-0.30473952983174923,0.790477620440388,-0.00961265739729149,-0.11948820325350214,0.38414994003973324,2.0
-3.8418762292580473,2.6470943400676608,-2.745133767954785,1.8287267343956255,-1.1870428521149812,0.5452482787330561,0.15813292096186418,-0.2318429458490485,-0.7782156883290825,-0.9074400780991716,0.6341668055270696,-2.723890231347461,-1.0313678270551214,-0.20148542550413368,-0.816796478688193,-0.06296885352730633,-0.6990684940825177,1.0606084270729148,-0.08197317202110604,1.442757258491013,-0.9977816331367455,0.20263184202808346,1.7383676260578842,0.8095935696210742,0.8311916080967952,-1.684031574954266,-0.6333717617785153,-0.05755840675312438,-0.3112768042115556,-0.09607198835426425,-0.2352437930064538,0.025387419025155098,0.7693617026354607,-1.6014883053405629,1.0
13.845766364770423,11.680403855544789,15.894510636435507,8.715686398695345,9.688589938159096,13.038705939072948,7.0566368142529265,-2.134631783441602,-3.3367178109697524,4.996051035688817,-1.5888578301624547,-1.272980979455691,0.6876537332963094,2.3299980224980374,1.7928200369362566,0.17807939053951352,-0.49614037544732237,1.6694576172260465,-0.13432330120412528,0.1628039407131607,0.24057091276404063,-0.8015745822451011,-0.18093413614349094,0.10581608008903537,-0.5285471717672194,-1.8014746236141594,-0.5243257041153175,0.1499415768693741,0.8676782497865466,0.2817035968786354,0.46632016491755235,0.03796698101696608,-0.8570220102697741,0.4707826174466936,5.0
-4.5065632460390335,0.9434765741502695,-1.329483645112852,0.3338995019917535,0.37330607597689,0.7827173703847642,1.8380703183217033,0.09035619880987067,0.4161781548393775,-0.5512614024053066,0.5938646619174448,0.49210410873944205,0.5396302367191483,0.4105303211097706,-0.9317399193743411,-0.5436189584583451,-0.18262718790732402,-0.09947349766224188,-0.5572222954893022,-0.0511515628718898,-0.7096708979271584,-0.1847400212945573,0.08619947113364124,0.21301108600485238,-0.032287666271938166,0.07204834741671787,0.14651838389705812,-0.8514960540639778,-0.20370583281246663,-1.2943424514580535,-0.361047046472822,-0.47861673239328195,-0.6471141494076785,-0.6979579825966155,2.0
-2.0158949108391027,-4.357078610306837,1.713371483411748,10.365976672819382,8.485490055498392,-4.971375583592068,2.829361795030066,6.635846714090042,-4.044771608810222,-6.677075348740398,-5.430861856676201,2.319422828578659,-1.4235275336848294,-5.2552292399242475,-2.2115781767442964,1.207330812476662,-1.604169927154573,0.6947434122297359,-2.447327202727794,-1.1332075124625511,0.35728482495284913,1.0097676031963738,-2.115738331503248,-2.096087350016748,1.184024091821953,0.031284310892832005,1.3640856979282325,-0.05827434664715803,-1.5554668225069321,-1.0075625428095145,-0.9993816654084301,-0.8481296244783415,-1.160617356702718,-0.3912530204086028,5.0
-4.716463635232484,-2.642529863747248,1.6156043392018313,2.431999645744633,1.5718558249527386,0.09116157176016543,-0.34902087478522564,-0.9852286612698302,2.217408048819615,1.0516983426937105,-1.099880745347132,4.041014648011648,0.2596558556577531,-0.2678628225590008,0.4192163480263632,-2.147738391617477,0.3696174932236978,-0.8758073857729881,2.1257998388738124,0.3131026479116615,-0.40222366477322335,0.8743928069102146,-0.691399419622459,1.3107352995743413,-1.2444097574323734,-2.104072341577402,-1.0102585427521669,-0.6664958858820752,0.9989837258165111,0.9778608913966375,-0.9429316517094083,0.6845350905647731,0.7708784069309375,-1.4676542790247138,2.0
0.3566083424576147,1.6815195553542428,1.9537887542462735,-5.0178790545526075,0.8890806969371216,-0.7276493925997456,1.2818920741991615,1.3790356951830052,0.8039780293146198,0.008344203039231547,-0.20311184203243346,2.259915096549109,1.427288374754106,0.4752879497754871,-0.8669525366398138,0.33992609880074093,1.1473810110586538,-0.23373661117371822,0.709229578512584,1.8503340891690407,0.375510492986504,-0.001402223727553602,-0.080741520346566,0.8562080531175569,0.4553355780490067,-0.26791726300665775,0.015500023002828872,0.4205972699685231,-0.15118037391086933,-0.141685834281912,0.2639769300000649,0.13977960110349466,0.6714518195318772,-0.5958578448123576,5.0
-1.2447568655478483,0.553590867059022,7.4093346222158365,7.851632781770059,-9.315774764372739,0.49747476669170915,-3.454998295369006,-4.115732512724124,-5.191909932252891,-0.6929358588220277,4.566800044038408,4.590357845563066,3.3113704582919374,-2.428520305276121,0.8057317091715741,6.58943630003983,3.550875887182792,-2.5314845047888843,1.7888447488520896,-1.802836749259762,-0.6023216878206032,-0.3668810530798887,1.3673818451600772,0.3877007103061017,1.0909706046383283,0.3300653208983486,2.1258791510322648,0.9007060368685221,-0.39365730900843915,-1.2865920208192045,0.13299691279799905,-0.19629424349088131,-0.5644621328531481,-0.285170339697957,4.0
-4.103243972319546,-0.518061434872915,0.5319013845111417,-0.12224250152760048,-0.7464543291821928,-0.02525913013649924,-0.9324113887114052,0.7152988400420247,-0.8634654883405636,0.10755467210356474,-1.3192324300314682,-1.9994683647856384,0.4416338159817419,-1.2519780217941348,0.27339769340957465,-0.23151808644379224,0.21104104901324464,-0.32261850848680834,-0.2819446580548712,0.28442620330677787,-3.151907651564106,0.18029015117401634,-0.07024269221659088,2.974383268612561,0.174629188801156,-0.33624913003413137,-1.9268961262781186,1.1903761709873564,-0.4382131937277554,-0.04732731548305136,-1.0490046644581557,-0.0537578501316762,1.8287021730441673,0.17443304970436346,4.0
-4.441618929005003,3.452271147149887,-1.580676547015699,-1.594436220362892,0.3399384345931771,0.4798423011087141,1.1971796079817711,0.6447467625616986,-0.45623787873479266,-0.9924943290867702,-0.7554937496190604,-0.3326032717903627,1.1307175249472516,-0.10101250092880666,0.12498840960705371,1.0747868985904128,0.9464748677417516,-0.6791278409893043,-0.8067061898984516,0.34777506171216777,-0.5891499221924468,-1.5536397940736435,0.39356101546518346,-1.499861953703246,0.13738209908003893,0.02815955186260122,-0.5857401274793747,-1.0166546295797487,0.7120983733954369,-0.30207155988715517,-0.1085350463226773,-0.29364111064933474,0.9141585653072424,0.36348953096149944,2.0
19.562628041955058,-3.9261359512260334,-9.932718914599624,1.449059335117805,5.302274365368189,-11.327444611782276,2.8115548706098346,-4.007379804118613,-5.831524341038305,6.6438345743760285,2.7110211382604645,1.593053469707199,6.474284899651267,0.38606173868650634,1.3036709776486164,-2.79077101080235,-0.16881737087404863,1.3341834383797064,0.12895734152047278,-2.6763087100841925,1.6889276052477575,-0.8254871370226207,0.4322039726046739,-0.4695249816532928,-1.3910938185722488,-1.548099980938497,-1.306557899268954,1.4983779941710897,-1.192445185551378,-0.31716423051415193,-1.4442596134339902,0.07098061018361256,0.5849262910581057,0.5760993462706777,5.0
0.3508406887436722,-3.341038513478394,-0.8082434019509251,-0.5650270772898964,1.680239787508327,2.0813192091350197,0.8096280608733013,-0.7392357672630843,-1.3664435490000477,-0.2657083859006921,3.2509988703110797,-0.3599441607581174,-2.7383569245650565,0.3633422653324582,-0.599385213434526,0.10523478313174939,-0.5817619255876908,0.11037580692995247,0.5698120761964389,0.5940945056411481,-0.9881298636106637,-0.5914821198236518,-0.06520289234743354,-1.5021873871575926,-0.4769873620364907,-0.0187648769825437,-0.46297210719186904,0.8147186132445833,-0.35503583610469885,-1.6261074867617986,0.3858295440629621,-0.6245585126008861,0.7863149367577932,-0.1028194369119976,3.0
-3.3399449171549307,3.7521095592462177,-1.7508416179605037,-2.0987515433816792,0.5545750145827336,0.2947197757640094,1.2544341502808758,0.9389258081558802,-0.2680612903178591,0.25319796395255306,-0.8887777162486171,1.9537377191025367,1.3178142993480166,-0.09248625906165252,0.13932741363065038,-1.2401197938209199,2.2672683072543216,-2.208323084964368,-0.5425607994888709,0.55976445939476,0.15850996642798185,0.8867273472780429,-0.10316670450116272,1.7214309238160836,0.1990005185254085,2.19515710315811,-0.5347477344663508,0.9245838528560091,0.705196573172334,-0.1120641898242199,-0.43616275358588213,-0.17729337377232218,-0.9007148811757042,0.5564052858209363,2.0
6.411658466846163,-3.6467611521506056,-4.157505102358371,-0.7401566787067788,0.4184541645200423,1.0109380484310129,-0.03773595772368235,-2.0474779949533564,-0.8458281965214977,1.0906840773258821,-0.8709130501124708,2.011008271670181,-0.48803706979888345,0.4231362775805717,0.5491114429499426,0.34986794816652245,-1.5773632309602637,-0.5699851480850183,0.5280808180305945,-2.0929222967971555,-0.5409733410212676,-0.7304916601356607,-0.5194708506340272,-1.0908366122954103,0.2978973164052632,0.013178801788407933,0.6470583060767161,0.1828883143851314,0.8278680678248573,1.392220573993629,0.22671944626893226,-0.6180034697759853,-0.11482737480869125,-0.4338210261061518,
2.515013737662637,-4.228711806779193,3.2543901146247225,-4.8322761151655165,2.0866303978837712,0.33894589948287085,-1.2913892007410301,0.7392620226900993,0.61982767678278,-1.4086601552616942,2.3016122993412518,-1.6905105836397927,-0.21357357148329484,-0.7048064096861282,4.285321012447761,2.2235062735724194,-2.4583060623724338,1.1753838367669498,1.8289003234748553,0.5336945639847629,3.605617233781164,-0.8594720926506623,-1.0567184646880936,0.026910982768044146,0.6200587488468245,1.7029466062120366,-1.4918955197276,0.5836426804864387,0.021511757226131422,0.5640440581255665,0.18492680438554845,-0.879581582628696,-1.1687282161117514,-0.6137186336943531,
-1.1537892612496954,0.4438190199829276,1.740777295263083,-1.6281634114226713,-1.932091933228685,0.38337910002666964,0.691065014047318,2.27955581546753,-0.1671533157275857,-0.3436428016053887,-0.4135837117110642,-0.17577080606447104,1.7598806787817163,0.2545803218723897,0.062285700769478695,-1.4903987896423776,1.9436956059359884,-0.9771411367877646,1.1057348345863942,0.46823054535007874,0.9387106098108194,1.2716361000412102,-1.8527071207534882,1.4967506678437799,-0.06921565485037917,-1.6040869080250955,-1.4183090875233002,0.8550388343746014,-0.17898337370717904,-0.9379022565430005,-1.7375647283119167,1.6434318981360703,-0.9784189257028647,-0.6793348909681216,
-1.8141323131104687,-0.47993251497848716,-1.3301078668861586,-0.7838775323319359,-0.8003859173587138,0.7628794277356789,1.1317036410317303,0.4957707816721667,-0.920981776448448,-0.44413008275501903,0.4160736790812236,-3.541646569719256,1.2298917474556577,-1.4053491064003685,0.9538570144919325,-0.21149347026920767,0.5031104933008855,-0.9641046058810206,-0.4606085523150307,1.0325013935432823,1.1565979983390688,1.0022613615539293,0.7858327982462291,2.0426563292706983,0.03240066791009486,-1.7960901721625817,0.3804415169343099,-0.07189233917631743,3.091935596564879,-1.0443914695096894,-1.301928909154539,-1.6379236842779268,0.048874297655287634,1.281880844807106,
1.6088295426896577,-6.152601999952211,2.6876337683570526,-4.362541902652415,1.9080573967083647,-0.0788326330151539,2.9084702370286437,0.4091662223261831,1.6627302861676012,0.8038870404708203,-0.3274599621137701,-1.3700653413318398,-0.07741151549375286,-1.5521109056578282,-1.4458189259850762,4.35781718256385,1.0400953301934666,0.7419440075312012,1.613348877934273,-1.1086935079849902,-1.987738312853256,1.781891162650954,-0.5511028144828795,1.614956034089188,-1.077131839893366,-0.47255422220317833,-0.25081948703494605,0.1258180676728898,-2.6901169701924945,1.631181720760706,0.6170506109220586,0.27715415549444794,-0.27824322429837994,-0.0731849413236413,
-3.525595510447519,-1.5501311455236118,-2.679429938656879,2.019849349020872,-1.0565094861492534,2.103226142151106,0.8172100661650257,2.2616396743255396,0.2307730160957777,0.06564509985890925,-0.8463758633734503,-1.3453971685024169,1.6511431477056213,1.2399428554376486,-0.5273332360436238,-0.3037576316635663,0.823802207459133,1.2322339211439024,2.3967534521144285,-0.20297933554107309,3.247086068239957,-1.017478404981149,-0.7045573927680229,0.39008792528977065,1.0039242861667155,0.1113583892306812,0.4313767081556823,0.25785477598700773,-1.5134506603804652,-1.026225200085224,-0.5207519597004188,-0.19270642197162827,0.8681498265561148,-1.5512821682909534,
-4.868675800029042,-0.6079598204253555,-1.4162215792886126,1.2383304695569446,-0.8734219936648138,0.9798648994457345,1.4781718622226079,2.326428334096063,0.6128952315265499,-0.7799448364463192,1.539106866893852,-4.411914935346752,2.791956673135652,-0.02102082358348204,0.36082246179463845,-0.0011194560743403316,-0.9233701431684171,-0.16650644667894815,0.36582289532404805,-1.4518969725839874,3.0498858715847406,-1.0379681312861557,-0.955482259085304,2.079646461587272,-1.0358382272521618,0.19136898253610052,0.918618242147671,-2.133477266223903,0.7385862485533451,-0.9333122817659129,-0.6804845960388285,-0.3864530383253058,0.7487450553802937,-0.7748944651233352,
-7.906772811421836,-0.029005563034478588,0.05074926836124305,2.8810584338348297,1.7839197086769987,-1.3504029175917958,-1.4445544756721567,-1.5269754648781686,2.2167411863764386,0.3819317353025791,0.05461559097629021,-1.851897713621889,0.6824146865449741,-0.17901743633215014,0.38986431505216795,1.4309740719967556,1.0306652832172671,-0.8407765345160866,0.20617049739318064,-1.4480491350861155,1.1017254828893,-1.92141526258818,-2.342398538235507,1.0987189467215828,0.8858799921235038,-1.2603525543950151,-1.2719970699764087,-0.9221127645737505,-0.3153705386186714,-0.010850078409174133,1.06057698356659,-1.7707605007103921,1.3283637322994506,-0.054602017951205305,
0.4537192304426803,0.4868789331797614,-4.623266639552909,3.2798781684925595,-1.0607161042477788,1.3342383868534544,-0.6861036664999678,-0.9623193613975202,-1.772956188238828,0.7566761199110447,-1.219840665467166,-3.399867578781507,-0.8706645332394278,1.1267586747264173,-2.167339241868688,1.4069638679563246,-0.6824587314090594,-0.7635022089617309,1.83425842055079,-1.4174130054151421,0.5416050488314468,0.9588624106423419,2.211391862415101,1.2856343094678029,-0.050498718889732015,-0.5753834924399208,-0.1800038590766628,1.6096818638700845,0.11871372464190474,1.9180253420511317,0.4012689328919776,-0.010031824183160069,0.7230081992087581,-0.8013069451145487,
-6.0001034013660846,-2.637890726996216,-0.7942453340979362,2.6244471879658975,1.5521205760734802,0.31722639446435436,-2.5475206336783507,-0.3305612437539036,1.0321331515896632,1.239301585570413,-1.5534391055347228,1.16316394976295,1.500809703257619,1.8378246585314069,-1.077325092327592,0.41714017980156237,0.5189652576811832,-0.2629624233339779,-1.2094152204042419,1.0378799904596965,2.4175225265735016,0.6005964430015801,-0.6708639869572895,1.7293858885270994,-1.2144002453359792,-1.3203189453629822,0.09803954465370307,1.1969033047385036,1.0874183254755567,-1.116319356663165,0.6034284126144706,-0.23127305890453576,-0.4171866598560615,1.0017233529425749,
0.07425131910225696,1.9939342525085686,-3.8541852554833542,1.5037436879899244,-3.0548018519726794,1.6758389490834291,0.7423564399416127,0.22808818660192237,0.6805553803665704,-0.1850726407156073,-1.0326606891440342,-3.0862087274435006,-0.7185912206119828,0.2917362900721592,0.2708685268128933,0.10195059753830316,1.122059751083669,-0.6493586602573087,1.9214336704142438,-1.0709191423704765,3.318959574368716,-0.913491799512369,-0.3228472318682023,-0.28718937999990607,0.4672661107660407,-0.7763884785876598,-0.7073402879811324,-1.8058150567623534,-1.2094591779472896,-0.5952014031872546,0.22133762002426274,-0.11076754092957342,0.4074956910009735,-0.27617050793831827,
3.5451629352978005,1.3032626456267875,-4.699149849026994,1.7434523359083856,-0.630794231950501,2.21248428554543,-3.980948920601805,-0.3278847974773496,-0.4924932806215428,-0.011784851579756611,-1.4284253823240092,-2.3553505601926426,-1.2487068793377467,2.846480010126632,-2.8277078460438876,1.5354544582991998,1.4757619149178731,0.679299206730525,1.5693593994138824,-0.23372687505937684,1.3383706475865589,1.3195468311477512,0.5601818351585591,-0.06806516215072136,0.8414415960963598,-0.47391652748701285,0.43573328159517016,0.6772412605059014,0.3030195919237245,1.848378179741803,-1.156695731023551,-0.1307896500215829,-0.33128802333107626,-1.3204578815814447,
-1.2437589376020282,-4.581287352032012,0.834868307484968,-0.4739429297485017,-2.604866884364058,1.5349517244684936,2.6042899924802656,2.0252707624125055,-0.8678454679267956,0.19084660961159627,-0.5074122740559108,-1.0715119566966242,2.301823057363906,0.2413693319180961,-0.6457249842017508,-1.0181002298591713,0.8760206877598492,-0.27877410765777577,-0.24577116490350637,-0.05919152951866098,-0.9328517586750469,-1.2164604287803702,-1.5659517175143558,-1.062538105025616,-0.48601728004142447,0.513323109432054,-0.8998929498167858,-1.8545571632553346,-0.01170179164785885,1.6771426016122588,-0.3702269041447989,-0.11478916065708282,0.2976303073434964,1.42437280954978,
2.3965416204565058,-5.569821891554466,-1.09186119914161,-0.19474718913410058,1.7214692645249652,2.212814875817658,-1.1602157409627585,0.6437111998990115,-0.054825642044801184,0.5362329403533026,0.17714576738186721,0.07855531889848137,0.9497950413961236,0.6265725808760977,-1.6773214123051503,-0.8702425982305728,3.1137923047392535,0.6842050321880024,-0.5152799362971535,2.213873196423363,0.43988808953996894,-0.19069809803799787,-0.5437497163515388,0.5451575907968432,-0.2987945299267022,1.236113092208335,1.3180945809966982,-0.21118885849991223,1.1375901509069921,1.313890335787908,0.6948455635957078,-0.015915300036131907,-0.5474252320553221,-2.235114456860942,
-6.319582164819357,0.35828574714185707,-1.3691152717790684,1.2350382930124808,1.2782886199384336,-0.24883661653439418,3.42684835136295,0.2926459709892973,2.4075235537477906,-1.2921851211709885,2.578646804507124,-3.3613796881487263,1.5248571810640554,-1.6814797696841892,2.4046679489177643,0.5336201924794017,-0.034019497281464604,0.43277708666438874,-0.082586923960318,-1.480703942249785,0.5428498847230975,0.4851942960151741,0.8048898222091105,0.2619631018838478,-1.1288137496208062,-0.7284869537554597,2.755867032686422,1.0328484478976183,1.127405647526384,0.725417755461065,0.4634077213771817,-0.1916356478418441,-0.46785306663208565,1.3827269698204863,
-11.095096525004246,-5.948225850830292,-1.6754473583129408,8.613350339688305,3.6098742861774022,-0.5235268279266964,0.03758697280535731,-2.2808142276791368,4.686981412796142,2.864359749117421,2.2689082610082743,0.4252383515063596,0.8790216855540492,2.0354657729064276,1.4103162701488363,-1.4343200387291692,2.3022727732196584,-0.7542887391409678,-0.8116771154005527,2.8750159244116626,1.135566169681975,1.268771321945054,1.1750028758136812,0.30529553813185223,5.21044300114065,1.3889228471253738,0.9722621113102642,0.30409033591784684,-1.718361378518131,0.8217427526184262,-1.8426610657743494,-0.9660073144178701,-1.4576458888218036,2.7608581512134758,
-2.665516812321477,-4.850398462878454,1.7672058169846303,3.0433465758385156,-2.5311942966135463,-0.48963998978947004,-0.6987740290942631,-1.255679609582237,-0.31888990144853685,1.2827932383349863,-0.7961294752935029,-2.272547067948173,0.19593951103250723,0.5038929936727615,-0.9435239890522147,0.06888864948776993,0.36152106471772927,-0.881843370488893,-0.5553027625158657,-0.31403724493310897,0.29662174527116647,-0.1317783499455742,-0.6723309675529319,0.06885745211206035,0.06367196379985134,-0.34126299557818984,-0.6830009190073016,-0.5673863215385304,0.8906564652298247,1.2662100455462149,0.7797585540031435,-0.6235870701810154,1.3928784908054368,0.6531641451388945,
-4.631855351661699,-1.4578122591160216,-1.5010238719865128,0.4607589775214274,0.5924872699779449,0.8979588708120428,4.710397480529866,0.17447644482285327,1.1727657491936923,-0.21005245448081514,2.7267391189498937,0.1701724366860214,-0.06681205537955044,0.01002606374427895,-0.35214353763629463,-0.9737035421298742,1.9635441630643236,-1.1893455670122528,-0.33477019943781716,1.0739437855131546,1.0734696502514205,-1.0791910237034739,-0.18443938772977309,-0.37423291827753347,1.0509552747017392,-1.1934978350814964,0.48327687037315825,0.31895534034839473,0.6816756110738446,0.3714686003542234,-0.5772253228323122,0.38744244459758564,0.12743506932392373,-0.26156520827271607,
-0.14044825618926407,-1.6466833043934164,1.6442544265127415,-1.722147790795663,-0.4111578867477113,-1.9043009703067235,4.701796204645342,-0.7621425836483177,2.0033945149344947,1.477736688512316,-0.2525088147394026,-3.910065786987019,-0.5882281666480569,-1.207263529973076,1.4625517002894037,-0.6941964798649133,0.7867725156871813,-1.8544267453697483,-0.8800339915459756,-0.07051408746876217,-0.4548370786453805,1.1879481832108647,-1.8299572479095598,-1.4759022966435298,0.3646208294891927,0.6881336260247598,2.3513544354795033,1.5836650942306905,-1.0206051033740808,1.9461486468712548,-0.036782960528500115,1.3395816863719718,-0.3826629482964214,0.6490466071654213,
-5.077704983392162,1.6072146281762785,-1.6230673722571176,0.6207400785122363,-0.4673943503632534,0.4811040883283969,2.24994176372636,1.5347530011669896,2.96248550875354,-1.3017157292911858,0.5420810351805553,-2.90428605795514,1.5582040216164066,-0.8149803769973801,1.5346250323268746,0.5945999854160798,1.318121631157162,1.7624122549501609,-0.46963648523339074,-3.4547489273067775,0.5744810403445714,0.4413683366941626,1.9110602815970614,0.32470490781221056,-3.6094837689200103,0.1659705902188091,0.9379598921090403,-0.47788018001133176,-1.0571131974250183,0.011147295860540012,1.8155599441655463,1.7111505193355139,-0.8117617966161597,-0.6517708788775686,
5.34698894026086,-5.602166981810314,-1.5427763635899605,4.426965980015187,5.670861213220253,-1.9853887878407261,-3.1195898467126373,1.875534619025527,-4.740561462227708,-2.540976585735062,1.9342506013592462,-3.3689005717665754,-2.0952001514041427,-5.265377534398964,0.6063363959524587,-2.640108918257976,1.1665285842515092,-3.1583560880912676,0.8064009787722393,0.053587771766644206,1.2851562179178013,1.7732334265419492,-0.2511286867123035,-0.35082626322274973,0.6522597886338294,-0.7711421202177741,-0.9225234727285172,-0.5807113249463174,-0.14810830862918892,-0.48684327760870816,3.123354335163305,2.000459380783866,0.4842493564728498,0.22206713579868972,
9.619519810116975,-7.664794624562087,4.532978811869435,-3.5461452930420214,2.885493300552852,0.3037612150251236,-4.100918553940674,-1.4301087601649016,4.5545913141080385,1.8015235574206918,0.46731384459219744,-2.6436184344972684,0.49737502927130417,0.29949760807088865,-3.656218840393916,-1.512113168209551,-0.48270164576232133,-0.8867933637764954,1.2181519398244711,-2.016555345326823,-1.3831443846043607,2.806944445264762,0.7239584014295862,1.0022517960998,0.8274901612910849,-1.3641570717915268,2.4520318992649988,-0.5997354216722374,-0.6326803677576713,-2.089802082087845,0.22017373320129804,-1.423242957854831,0.008689275900943944,1.8230284753428385,
6.79370217181725,-6.742213689772749,5.45246147335694,-0.12798008804972041,-5.524590043292069,-0.4451827459489266,2.6337654599598417,-0.5802449413745691,1.8630735584636247,0.050198742736710024,0.4124751165966972,-1.0145002679347452,-1.0161010163486666,1.003337150834935,-1.471027003031405,0.057086238796430856,2.9549970794678986,2.6472398784350424,-1.461960024626609,-0.22381042349782188,0.48720519433082987,2.1002485484173343,-2.3178177471752885,-2.890001368016889,-0.47362187994083915,0.369986784071895,-0.3366536595317045,-1.0853384938706812,0.16961052536187796,-2.6680226632318087,-1.6381122699069195,0.07397260587251793,-0.7550697221801013,0.09739056593765216,
-3.5840171425054193,-0.5174484231909778,0.005719883677017165,1.5697286622393698,-1.5699060727543432,0.049157362240381454,2.7305376763540874,-0.3694314857765176,1.7740302561141195,0.3980769952727787,1.380043124995685,-0.9047490967846953,-0.1964074835912094,-0.28227623069841956,-0.8007516722774212,-0.8986071870010559,0.5772888161065173,-0.10589688806968155,-1.2039957662598033,-1.0896175573729892,-1.0526277467111114,-0.9195901606451483,-0.5395859716488511,0.5824300990228746,-1.3340258896341524,-1.5518946057598524,0.22603602575008977,-1.2695457028784847,-1.2180606062375714,0.09247352976374752,0.9499095599055122,0.5970478152698959,1.5325869207830949,0.5831050756185577,
1.151604113818128,-4.725681896962576,-4.188673907794946,1.865826438910145,-2.3757921807952345,3.8698553987991335,2.2522326243785122,0.5438684618213784,0.8273644613649259,-0.555801665142482,-1.4252260071961391,-0.15401705959054704,-1.2126071005158765,0.8305319044618956,-0.5953162130027952,1.2064117105107977,0.12737069282348695,0.2772917304615478,2.6577488189059673,-0.4186514190433629,0.24365623595687477,-0.5318714591562606,0.06249186695245134,-0.5823068670854284,1.117132545738973,-0.8053210940303068,-0.25883655312634485,-0.5165863299720685,0.954919104003185,1.01321799625297,0.034985557696415655,1.3423452916812353,0.11666981073684675,1.2680580931446954,
1.4571860313534308,-1.1057537747794124,2.0627426323301705,-4.73639225574256,0.2731368606245504,-0.6501624121259356,-0.5811147860959147,1.9602852448077308,-1.096360838952721,1.21021471535385,-3.145311311672104,-3.0075565139778355,2.9954950966689506,0.1937874626539429,-1.900135595672704,2.122908819204166,2.0342518125841966,-0.8874906039473273,0.9715039695776839,0.8833012764211735,-0.4758064017640729,0.5695881678811433,-1.7080386039333364,-0.4555267847381971,1.0863083772773685,-0.25460020300689346,-1.6318239136736055,-1.082847230764952,-0.30777852532693145,0.6908671326959479,0.6499756505887115,1.1878578236824298,-0.6268505699170516,2.282370655144568,
-5.786933935541157,-2.223337478015648,1.365937925369228,4.530226436308347,0.7271920029616512,-4.573330657462879,5.437531282001823,1.1923100004939662,0.273880358363208,-2.213534402865243,2.599430941928905,-1.3489132560189463,-4.83545573647421,3.854762248100833,-1.1381071963688476,2.477928297490953,1.864613861795712,4.051265656039403,1.9235493724615893,-1.9092866484631699,-1.8910583951867403,1.690035394008722,-1.197035061653937,1.498592271116545,-2.304352692804205,2.268380505000717,-1.858000997678848,2.279171353826911,0.16754070606693833,0.29058329710901853,-0.6592088452735116,-2.0087698482542784,0.043123176316337684,-0.11732625894539751,
-2.1159756919023973,0.12969247363762085,-1.913499580426708,1.0490637091165074,-0.9056458507957572,1.6170619184839274,-0.2539913620968647,0.46210171819638923,0.23458665217031516,0.026733067251563544,-1.0622283538662691,-0.17606873876240223,0.1433368213670176,1.6132162658629277,-1.1613147818946983,-1.026964348850092,0.32645852327941677,-1.7352762958498316,0.9969980938007762,-1.5291503831144353,0.424630691415678,-0.4454335802559465,0.616820618796741,-0.5861420725317169,-0.8956142327117081,0.25031321268716555,1.0504328474477773,0.2925070264491608,-0.6373862025751378,-0.4037612547358742,1.1483805369966174,-0.7713752898378923,-0.3471165500138884,-0.3730102518865171,
1.4041806833739123,-4.004478472759477,6.500085810711717,0.9559095650141539,-1.528403121613652,-5.955421067894433,2.6179977146385327,1.5664345605745078,0.8174725511108223,-0.29646771762280677,-3.2780401745448247,2.521836464273189,-2.605035149791637,3.091134989939771,0.07558989157446981,-2.1789257020736565,3.983163971332785,-0.9617789184713208,1.4180023751083464,-0.2238576328605463,2.835730744683075,-0.6857622066490754,1.927508142563663,-1.970612742895591,-0.3318712616855364,0.8247126426319557,-0.5717036301680465,1.2928566653931735,3.6749878196881176,-0.028088070399757355,1.631743531121652,0.286343334553317,2.1906378738506738,-0.8447557467549744,
1.135546456271397,-0.31729957530940134,-3.341634674307149,0.6235940045137678,-0.09347477840430111,0.9260310204095181,1.5779039032029438,-0.9759093078463273,-0.22270599309677058,0.2594023438627197,-1.071385907393587,-0.7576095988781947,0.4308535776013535,-1.2611888581683635,-1.6631477903941576,2.685051882925849,0.9837675558165159,0.39862842105543217,1.1162176975925004,1.1994400730317816,-0.2158185501506277,-0.5515226766389028,-0.6629847374673797,-1.858259643423433,-0.7682581113832786,-1.0624096534606289,-0.24381867770411741,2.0589156898004735,0.8053895638283273,-2.555693659990857,-0.3731299914337612,-1.318304370944306,1.6300600480196457,0.3226901017912057,
