PC1,PC2,PC3,PC4,PC5,PC6,PC7,PC8,PC9,PC10,PC11,PC12,PC13,PC14,PC15,PC16,PC17,PC18,PC19,PC20,PC21,PC22,PC23,PC24,PC25,PC26,PC27,PC28,PC29,y
4.418335833312785,4.110910060704558,-4.571476138464334,1.1605666551221243,-0.5837692497979536,-1.2517100892105175,-1.4989936542581723,-0.1446238393466567,-1.0819687251109382,-0.21298399331980541,1.9268165081960886,-1.31518052299155,0.3095086726560339,0.6640364555860688,0.15933014286292113,-0.6083389905079676,-1.1001365717850342,0.323582792139843,-0.9316465381101066,0.939676768984231,-0.8432073405719807,1.106732426110101,0.7787086870231104,-0.6008296508084953,0.1268778178041935,-0.6348599162557387,-0.09349117461853705,-1.9869384932093095,1.714088862186618,4.0
0.7194686397781287,-1.485016342233096,-3.592325113145494,-0.10898934134395133,-2.7071125004981433,0.4372722540298229,0.5422984556218432,-0.42678840518549715,0.689438820361771,0.2951807536848624,-0.13601490210516848,-1.7405897267076842,0.6776041391763814,-1.7819962515965206,-1.0195569125220323,0.6428191560715354,0.13630712461019479,0.7032951072169487,0.6659111714073241,-0.6425657207157683,-0.8252352556251586,-0.45869513295865577,-0.8725474144167586,0.0313363195659697,-0.058253337355545165,-0.328199314618259,0.958966346053802,-0.031043099459991754,-0.6353961189271289,0.0
5.6488453744382126,-3.3395728598918066,-1.912261116335266,0.8110853296506728,-1.5824738748296796,-2.2900380352719103,0.6470206878436457,-0.6264278910191412,-0.43955128267469024,-0.9240556287182867,0.6657070661764816,-1.4120475193256434,0.151479862119582,-1.1416443268485208,-0.13568683903835943,-0.6206882928945628,1.1793427292245615,0.21908332404678313,1.1162364088866337,-0.7976733574648414,0.19004460656214317,-1.0671946178011937,-0.3406475755755732,-0.7570705284875441,0.9303808894411684,0.8633140803104165,-0.6259703743056138,0.18392456133183588,0.35922403151298504,5.0
3.365403065300234,-4.066140214715853,5.507794204437031,-3.9421823528716367,0.02562737677852823,-0.8818942120046358,0.1164576907833321,2.341290791528474,2.0021137270008453,3.626195593913905,1.0371416844235164,-0.032104609104530384,2.408279160820411,0.4893755046389119,4.3773447966433325,-0.07033797742662894,1.3343074076359196,2.471700782630952,-0.13556211654276293,0.2877725042558813,-1.3259688649652526,0.35023415801116325,-0.6113588136391349,0.09280415517241322,1.568779124752091,-0.1099390864788901,0.11151954198541958,0.45663322870180023,0.9046616675738156,4.0
3.8490194248993426,0.5016421602414847,-2.421547897991497,-2.2238867613201956,2.217131913828706,0.6188887185638781,-2.9233477584734686,-3.8365627107249614,1.9505915708975046,-0.32019571501911764,5.21029794274731,1.7819204676051748,-2.554017011309951,1.7462787436474492,0.8649683595995944,-0.6607916932740682,0.35151548392404103,-0.12182600373782078,0.3451127810446469,-2.190668200140834,-1.395366469408955,2.037301627233711,-0.22055628304346994,0.3469452236639393,0.47707986738280717,-0.553159054165621,0.7825422841152803,-0.7360128875988436,0.9458739318603333,3.0
19.618843694395434,5.316425662371003,-3.8329310396406138,0.631982349525941,3.5453169215082103,-0.8004599192963079,-0.6868765033567276,-3.6383890813108968,5.92215584610245,3.772184062556366,-1.4600688758085103,3.3095185130768674,2.370250335691602,0.017028265816228037,-3.77291546792587,-0.5495967717192677,-1.2669470674415095,1.8888517798913276,-1.401203228491417,-1.0121000301457665,-0.16999464677532197,-1.4307551982216038,0.3480384377996908,0.7231454355757279,-0.958856555288743,-0.5937406460663051,-1.7003546242857954,-0.8725530637924866,0.4655701456546402,5.0
0.9312968773616842,-6.025245812104882,-0.2984820623680714,0.1114985447184799,5.080911074891034,0.6976031302617764,-2.8626557569409257,-1.601294626696094,2.0739683917528815,0.27981696920516885,0.38081706335048326,0.13718741606113338,0.3230629108353157,-1.352943800458894,-0.7033888597565671,-0.13095545368407321,1.1506524416138637,-0.5828418461350026,0.808532286116739,0.5797851207085425,0.3265579409799065,-0.06733420397932371,0.6557979755061423,0.5212000507575634,-1.258852644436358,1.0910279074790026,0.9540315207576175,-0.8472026426902025,0.2162206222639046,2.0
0.49936079959571,3.0338747766301406,1.4356884052562031,0.18925288791515132,2.865616546669164,0.3209835249921877,-1.251828500630289,-0.7781547826192429,-0.6826380187209329,-0.2995402120951162,1.668501000880711,-1.056818449893981,1.297630443858005,0.4005968185213459,-0.17750545970208442,2.115219138291478,2.9282303172027633,1.6870086427960196,-1.107495983606815,-0.02535842064617502,0.3490718776654449,-0.5990913583940191,-0.1427035321340819,0.08164195473703835,0.8302619992595972,-1.9544779671362957,-1.1163184990588622,0.13700898951657714,-1.3195434811690396,4.0
0.2501214665290521,4.737899195179954,0.4022093824658559,0.38191379182044266,3.8238725297327094,-0.8640761714517333,1.3820493665557871,1.858924161849253,-1.1326611746713846,-0.168072846135931,0.8175270836143044,1.1882755754449148,-2.249455306207214,1.468372969682341,-0.6748332667584479,-1.0011599964636586,2.1969423393391545,1.4305380994937085,0.6479471127033103,1.5949663056977195,-0.581534933663935,0.2901676281452327,-1.160405550481401,-0.9558827637611683,0.03000913109455818,1.0737915493374033,1.5153774377523004,-0.20414245064276917,-0.01967398449246275,3.0
4.185059459296961,5.277578722235933,5.159570925340356,-0.7889824083161447,0.21556164908380251,-1.7894645172622374,-0.5076439056300386,-0.13488568949503912,1.7955458682034007,-2.15899008441554,-0.43506020846268567,-0.7000674341496084,0.10884661512729947,0.49054673344491456,-1.2005248718305748,1.1678276226370314,0.8365329774300202,-0.3941027389867449,0.2656235529006431,0.36942187951565353,-0.6944726136789167,0.23688338288694358,0.08985910294929185,-1.3040920229367985,0.05176582961182633,-0.024517693162253197,-0.20786227900231458,1.5369570006613793,-1.569169005171618,3.0
-5.518897673947396,-1.3345587549367954,3.2414322331790846,1.467128190262474,0.8972716939259414,-2.9459404575758446,-1.241768922349219,-3.2794280194176864,0.5614190304312489,0.02847283286392763,0.38753290245096556,0.8624474039161629,0.5953810516335286,-0.5234224870625788,-2.270502923312695,-0.592904474101935,0.6361359796847529,-0.2838954576459142,-0.3495718040747276,0.14921810291581533,-1.4063819283379309,0.5332166977479275,-0.13830544468111244,-1.0040313385280315,1.0330593605128155,1.5580981360452828,0.20461811525063547,0.8519549235109328,-0.7677961451365368,1.0
2.170334422194035,2.745101541026978,-3.150839030058183,-1.3949796447999658,-2.3582613982648457,0.8732637642780868,1.5855048858149945,1.1239606504161068,0.7590259943797698,-1.7638757525529056,-0.1251919405091067,-0.07438444504666754,0.015945034239924962,1.7507071754642167,1.001197537376902,0.3290297519180749,0.2746499491382624,0.2678134865727381,-0.8775643945488678,0.4657354008679165,-0.06836696050725014,-0.8502998468865498,0.18112850089515567,-0.2415087571874631,0.18638847157981386,0.4593036315839285,0.6181142158409455,-0.6446126041445027,0.8942429275851917,0.0
-3.0014818824873997,1.0884144611786464,0.44296561029346015,-1.7475689137723256,-2.916031921157069,0.3424251052440818,-2.1754800869570166,-1.318472209674927,0.5637247395975581,2.4408922356427833,0.7526202107109335,-0.23327868958991638,1.5432235010997968,2.320589535952539,-0.10347920676717509,-0.8655053745332635,0.7726761101256852,-2.879401837708945,1.3335724791838104,-1.1760426201129919,-1.675955466598414,0.29316627241100357,-1.969249533353023,-1.4862597972484763,-0.13048903296181738,-0.5687511197150428,-1.3941895101449893,1.0963752939186242,-0.09651535194796597,1.0
0.5819053055332598,-2.088937505119929,0.821236659952402,-1.6230303213783372,1.0134176214256188,0.08996528312940108,1.9348331350063133,-1.0424383241494435,-1.1565944451346293,0.582426018821224,1.3613963477315438,-1.7450875536474524,-0.37128734813743136,-1.3302973373046327,1.594825920565237,1.924477645579129,2.672445658003904,0.41043933234624136,0.21528089083053534,0.31229810368632577,-1.3474614857633698,0.12230916063977994,0.9207963302006735,3.0240254179140633,1.0045458854860174,-1.428926619788403,-0.6867370803046993,-0.4643857548234967,-0.5426052833663417,2.0
-1.8619166725933682,2.293716834704903,0.20234060138484278,-2.1091434587571842,-0.3990569818497403,0.8222781193476691,1.3600902741216319,1.657853794320777,0.6658229412330283,0.9230565344399798,-1.6220420467818115,1.6997002971120965,0.8971195149092829,1.4028722110169518,1.2745761341975916,-0.04805932162197639,1.928919194404381,-0.6248718515205283,-0.4892958222047367,-0.5587460912508014,-0.7298274474531804,1.6660153458205933,0.4909044627396019,-0.3333705355535834,-0.04562076981172844,2.2425721886420362,-1.496432935270504,0.5787259773706557,-1.1184875744486196,2.0
1.445296452459231,5.624682555205506,-3.235896512910523,1.3533654192767144,0.3103288287802611,-0.6096752956230134,-0.42397329677987744,1.7692580842700403,-1.0404923534006272,-1.4612496693841963,0.7391175938782085,1.1801752796349503,1.0649076004590459,-0.7284767023827184,0.46067015840759346,-0.5258933379206836,-0.2833923307070689,0.6166939994341942,-0.11021618843886155,-0.37773134859933677,0.8123400761223742,0.7335291886594753,0.583410840328209,-1.511014984281457,0.6113148578473485,-0.08900319162721584,-0.38271263961764274,-0.7793345099407966,-0.5594232624765986,5.0
-1.99229047887864,-3.0627122354926453,-1.8563301132663188,-0.1645210968303578,-1.1615920110849527,0.6104446010221761,-0.8770760115551064,1.2294908024150302,0.005845077400832223,-0.5532899028006877,-0.3094938540116933,0.20381012224329606,0.7062065562649587,1.0776815704567884,-1.0966859697619218,-1.0151021846177322,0.2560973639544098,-0.42085229540817215,-0.5538263084079189,-0.2637200622074589,-0.17951207993654306,-0.29478751280401966,-0.9706412564474763,-0.11203436418875895,1.6439329214684588,-0.26888740939194794,0.06710651042108305,-0.15498095483025667,-0.10017423097817249,3.0
-0.3706435524111412,-0.5010199715546194,-3.5292513508362577,3.4387552220505087,3.4612405078547392,-1.2570389526938872,0.9391874627862773,-1.9225093650620637,-0.5466234173375397,-0.15430138271103402,6.232467263024456,-0.28104873174900413,-2.993537641599527,2.2686824853809218,2.385338400435295,-1.708356501992447,0.6147664579382632,1.2479868294264476,-1.3667624133631104,-0.5874058494243071,-0.9190948979878298,1.2925023299386762,0.27487106396293437,1.3488696333644206,-0.7557875601464938,0.4416025283648205,0.698435082569001,0.9482042667778803,-0.9475990173977341,0.0
1.8166500705694557,6.549493445982639,1.9494796382441386,-2.4606612348478376,2.5762781916759296,0.028540920138600934,3.615121772700153,-1.2575895845185041,-1.3297343344750263,1.315163121759704,0.43048963488184316,-1.314372805086666,1.324679906826538,-0.8994451752037043,-0.8260598577805822,2.3774298262231084,0.05427920144506154,-1.2796676353336705,0.00032806353799358026,-1.2205859610573473,0.9047983851991049,-0.9356490961172087,0.1355085362526995,-2.5276125287302937,-1.0580880589981108,0.19242399419889333,0.4676329677004027,-0.22422141629772574,0.9360375105537061,1.0
-9.234710074753606,4.867792172764218,2.180402293456342,4.8405194827963784,2.7030588140878162,-2.4931343375170387,1.291996990615618,-2.8987723762384925,-0.2905930424862662,3.014398037221448,0.24461222107311936,0.5827979074180804,0.48504515215550714,0.08369616598555621,2.568302652762335,-1.2037310157692176,-1.9147055315003876,-0.04959831128204594,1.585893166643477,1.877205782760485,0.4637871399395304,-0.8784934188996967,-0.66193341421858,-0.6875299737202052,0.20172769822653216,0.19758979538053623,-0.4408788185866608,-1.0267534532602451,-0.021755139845828032,2.0
2.4724323618494704,0.5901614067843829,4.21498868030532,-0.30858773426855,0.8658633043915542,3.0154724492791263,-1.7341499472504966,4.059130662160211,2.2927127625610204,-0.5371492864332046,-1.1114395811855329,-3.127019773685414,1.2991077802034592,1.9250124306592333,2.466130952111692,-1.617103087998006,-0.17027401505147885,-0.7317826991293773,-0.6207234855045803,-3.0426755547333384,-1.4496997085790533,-0.2483507008349594,0.528639246322916,-0.45992465249174475,-1.6315540307828227,0.4964605691334723,0.3024169429250932,0.2628282660361686,1.0534908705855988,3.0
-4.647031861527509,1.2817481370226456,3.238751583646396,1.2263635983395622,0.8224848158655583,-1.6827408260084642,-2.496759913737517,-0.45890933302019726,1.4763971602777153,-0.3135710005550972,-0.2796982690513545,0.4960802398072916,-0.295068079885595,-1.0110545206749049,0.1403308506077167,0.21624140581532708,-0.30550462744864637,-0.4155464946582885,-0.5406290211032195,0.32024389613958915,-1.3940222069526316,-0.6681909838150532,0.32402105136473464,0.69690712538341,0.6119224539461711,1.5278645089692378,0.8002466676336963,-0.7194994547973868,-0.5365903341991779,2.0
4.127800845540434,0.9216276793273361,-3.3325714475444213,-1.3075898389004734,-2.7640467719773945,-1.356581146527725,-1.0047702584403129,-1.8791196456046093,2.163115204650112,-1.6416984455886467,1.769121840423032,1.7206133490650337,-1.399420739944848,1.37445757185617,0.8524694977922619,1.3016640367951406,0.44050578249892536,1.51702746981773,-0.024721901272659316,0.9487350599827861,1.1886253663520283,0.7838617338593767,-0.07535574725688021,-1.2897975926622267,0.013049117642144505,0.40486365158593557,0.053930656894132255,0.32081180040413526,0.594804661425077,1.0
1.6947961270176648,-5.076478552577447,3.502563840693331,-1.6730831747212727,-0.7822591773371255,-3.154419958348424,0.20641311921045824,-1.7595823490781293,0.5224589839572612,-3.1321346501423712,1.2829572396865159,-0.140173697398277,-0.9046115033567776,-0.03480285574218995,-1.2475082362838568,1.6295968126342673,1.552057176599848,-1.3022485246842885,0.061139459188240826,1.4528052125850148,1.1511991986666907,0.8443340416634245,-0.9022030564291883,0.48113503325280405,-1.522925322066554,-0.20886923367577967,-1.6226125777065166,1.077015733413185,-0.05864513918014745,1.0
-0.6422427730768699,1.166195974992807,-1.2754717456185403,0.661620657245051,-0.7666407098991039,0.10195875696790506,0.5628199007314638,0.6587084160309179,0.6190100779935891,-1.7260806244738964,0.33758467937178516,-0.3391151238661091,0.5643628113102214,-0.20600915642188714,-0.16972930169855466,-1.2789640053236664,1.3255960300347274,-0.4110693177127717,0.4289688949390566,-1.0232458332361178,0.32026094293750723,-1.4448939948522397,0.20301230570891937,0.5645703917220931,0.15796514914982904,0.07024625895124136,0.10596540336540995,-0.10467231781947814,0.5234205311356325,2.0
-1.4212345725606048,-0.2220184199698917,-2.2956437877744853,3.980972287249393,2.260777047848965,-1.3812707606421726,-2.493373528009712,-0.13376527654493497,-1.019907843982772,-0.2006664220213731,0.8043367837696563,0.19678729140523693,1.3093071633332953,-0.19853452836868882,1.339202129928338,-0.8428195293966095,-0.15693556150337717,-1.4820540273070117,1.4387633924569645,0.7663687015058536,1.3142704402484089,-0.7817300467056687,-0.47612452934087834,-0.1824794820638381,0.5253274337124557,-1.0473630808867718,0.40721831328758035,1.5092836816588564,0.4542696389957055,3.0
-1.5180281916212184,1.9100140548937627,1.6928230902217911,0.6751080921809086,-1.221813273824926,-0.6809660794298398,-0.6314727327958449,-0.047147238306683055,-1.6263935605701252,-0.6900101897322618,-3.2452871267123493,1.397912873701283,1.7693397730487772,0.3015636523542663,-0.7199808676760865,-0.9293747123852194,-0.18501641631222313,0.13329041623342036,1.5761412078536448,-1.5040249011113294,-0.7194888101871889,2.1070574430824514,0.6939746341190799,-0.3738851633176605,-0.2775483024806438,-0.8182752231391891,0.4709398125360295,-1.3247743420163178,0.17748337930934016,6.0
-0.2865082536172881,-0.09161069036095192,-0.5685896979287767,-2.1155628610257917,1.7452833256656903,2.0633836434453285,-0.5296156808918979,-0.7815278579827273,-0.8835459260063527,-0.8065505497399966,-0.7190514600768414,-2.864612413761071,0.4493852628403779,0.20932293166045615,-0.5431664173091507,-1.3278083967678158,-0.0744139840455141,-0.6861822961670448,-0.7077077112421124,1.2150775224933639,-0.8439475078283288,0.15656650988660353,-0.40282043060226325,-0.175417415783585,-0.46350942891667357,0.7585883323939845,-0.8573943935731749,-0.42732897332269293,-0.4066384787274019,4.0
5.165348534191645,4.328501210715525,1.805141692804815,-2.0884515516754663,4.002540610982183,4.989155227685039,-2.939329700542735,0.31802019852530067,2.5269589826244987,-0.10321578902271045,-1.8507710471438796,-1.1431683875054124,0.7979874083261156,0.6136760468918637,0.25684219933860386,-1.1052625610232163,-2.0392680255596063,1.4749755894385668,0.187803877631676,-2.1055905099365484,1.5729028087258814,0.11849155373109088,-0.5328221197486837,1.2723244327226821,-0.014765950421632711,-0.9833400857029515,0.22047128384527193,-0.9647120425773636,0.12553092505340857,4.0
0.41891015316777575,-6.6422945796693655,-3.0233512110049063,1.061506363189322,0.16267292460867522,-0.19906706168330748,0.515383301703192,0.7581235068902846,-0.32347064507384377,-1.3890849682488657,0.24015526327026707,0.8224954260344723,1.2487947684480734,-0.6389060465749127,-0.7262678405822393,-0.7186677261571253,1.1358078518158607,-0.7141568424362676,-0.12461164938836927,-0.679524652086834,0.2792397911846682,0.6520977531362094,0.8795361142548992,-0.7337537669345158,-0.504565058637016,0.7498593937903535,0.3223765553965205,-0.9550116415548076,-1.0646177778543835,5.0
1.9572748471386825,-7.587621240151655,-0.39355685224931536,0.6302069383403773,4.64344445240707,1.2797178658319712,-0.5875269868607336,-0.00563261371213441,0.0012501632884103105,-1.9525771410351023,-0.019817209848687473,-0.23374486187816673,-1.0156163854778641,-0.10796422224344246,0.8460689081137897,-3.2152412969647153,0.9095386312774066,-1.2998796966913968,0.0304222168382371,1.8885129570514505,-0.8236761850532921,-0.14610548696629277,0.8965158445932744,-0.7685894812211889,-0.14868289793272885,-0.41057142856520845,-2.4354267257918463,-0.7477506593001225,0.8257499009187537,4.0
-6.223746671410174,2.704886003697374,1.7805967174195754,3.2120751326172763,0.752781850197232,-1.4213556646339698,2.873064873852787,-2.1474852598153804,2.098091977129192,-2.9664670129894586,-1.0840961346687772,0.8452521974705488,0.8442179904554842,-0.5754095338319181,0.642958432898142,1.22042696242378,0.22253440233157945,0.25487665150706473,0.7318322843439248,0.0025759078396399783,-0.0019864984061213494,0.10074792731313008,0.06037858962074851,0.17411743602090177,-0.22131317711017653,0.2639763488820525,0.5631020412920719,1.1219523693323084,1.0291410242615757,0.0
-6.998382154695565,7.84866931691981,2.1654833405584686,2.821594915738244,0.44420758363341833,-1.5444567038802983,0.868984627487083,-0.4851382087282311,0.6951270851686251,-1.1251646546418075,1.295787778288008,-0.00730777607416888,1.0695320927451062,-1.9126719688604583,-1.315581690438622,-0.03716210111481125,-0.17052516781811564,1.234638807155679,0.31700406884198923,-0.42683850733444556,-0.7708002523875056,-0.7611970022528086,-0.31193903777230797,-0.24413364012962982,-0.7153808648496437,0.17732443313833443,0.21535925867380057,-0.257434508700784,0.3520258652901133,5.0
-0.6745505796052882,2.160914607616902,-1.1482054177532475,-0.5966914553113944,-1.4954056127100692,0.3892203713802925,-1.4530975481285575,-1.3068580098300036,-1.055734536897288,-1.246119962076887,-0.8732009312464403,-2.056660018279016,0.6212715683072696,-0.3693301215343022,0.2829243077673611,-1.00639783858008,0.8098291207851601,-0.36164253541386365,-0.25571040162591,-0.36894067888435067,0.10545766435918287,-1.0127534096991568,0.2837820505186577,-0.33231896251511805,0.7722366352592117,-0.3930209636953405,0.08696680674755486,-0.05330129869458607,0.30968480443510293,4.0
1.6712627025291358,-7.339414432871767,1.4832626269777642,-2.863548106504983,0.7331709938035678,-0.27070407172699784,0.7141511385214783,-2.0750238616259664,-2.2229637101356428,0.7450780884046746,-1.0484724784795192,1.2361119968671495,0.19504181932012576,-0.4241253516303336,2.5154563064038475,-0.8100653742002315,-2.098374986946792,-0.4312906111319526,-1.1890681379615604,-1.3197520608510327,1.474312441871962,-0.8501927896889552,0.35908548861124856,0.8286801900514131,0.6208246364729422,0.36146697094581504,0.37432368553061063,-0.6339337408721987,-1.2052464132517475,5.0
1.0793159687441976,1.0136320067370603,2.7891972112009435,-2.4485835718997224,0.6631556854132049,0.03307122363439173,-2.4442945616127623,0.6470303483693374,-0.023291945496793465,-0.8232389281926475,-0.766878660925152,-0.18602122654863246,0.3573777190690782,0.25481352242361743,1.5188430676064917,-0.7488988312587918,-1.6509203462971704,-0.577730672813076,-0.41421766465043885,0.20784798343230212,-0.531308958424173,-1.1377740329042914,-0.35730652176096295,0.6022800353237318,0.4935004588689379,0.4289832281039978,0.35235902934203933,-0.3673184090895008,0.01434447990104397,3.0
1.0084436192714028,-0.858128517148957,0.07928342289811761,0.11948510331244414,4.132619389900433,-0.2609215897603413,-0.26815109911863516,0.5849950510361513,-1.3082090365667738,-1.4102615063180421,1.065206958102973,-0.1279917055338075,0.04510390551383529,0.11643035215738168,-0.6874602568795809,-0.01374309514450175,-0.0865871269844237,0.3297434577836111,0.49344943540188,1.186901522494946,-0.6030734988107178,-0.1524890677641306,-0.49471737132668947,-0.6083356356166999,0.2522896821001383,1.248814980868594,-0.590106927870325,0.8205088969702151,-0.045907123741517196,3.0
-4.185579036769483,4.76866886992306,-0.6378145281391399,-1.2947517668480375,-1.1862766318695577,1.8898563760354343,0.608166117950575,0.7633980647398304,0.16137325186716153,-1.1586947931679525,-0.8878290513548502,-0.6261839487308989,0.039341516872933226,-1.0924861451641985,-0.17161547621396128,-0.6617578718285908,-0.29808983041005205,0.173928996034845,0.8071655138162765,-0.08116978361788865,-0.5208554763092044,-0.713553182474917,0.028089498763497398,0.08924363311692377,0.5183396195256644,0.05250732983648452,0.18898642587930137,-0.13679624107995783,-0.32835841425060525,2.0
-0.10454117124943889,-0.5611660389223544,-1.3844942374380482,-3.081936116778845,0.1887382872257032,2.820004035259543,0.3289655780403914,2.415222000466003,0.3087088412539239,-2.2165570269978434,-0.4058470752639687,-0.11026207655864083,0.61390077577898,1.054613664211788,-1.276823359561819,-0.7797579259039402,-0.7830087484007007,-0.3023645301697354,-0.5711294579491003,0.5413881279442531,-1.8647524021539683,-0.28498267366536373,-0.47484712671654716,0.7494854314259354,0.1822209469443235,0.3422539068017572,0.23050893196393435,-0.08820410881617671,-0.16315474600556712,1.0
-2.979871712614621,-1.966325424069837,-1.962546684597768,0.7011605867116543,-0.6600137603929681,0.9292758071881146,1.2321616223394112,0.8027303670748929,0.19822640970521913,-1.7239377120191277,0.3819176004140561,-1.3603769493113753,0.30348623282646997,-0.9475675186627747,-0.5411766800474224,-1.1137185810304808,1.0218589886138605,-0.09602251510675812,0.5221263630591386,-0.7573446448202901,0.07173261588829577,-0.5898288885899798,-0.8181542636548991,-0.14010297522498624,0.44544150599497,-0.008023165702226187,-0.4374317125114052,-0.29634491428209525,0.14155528576638707,1.0
-3.639350518516533,1.0845557413282687,-0.8052870144052712,-0.7218015860753837,-0.293505223694159,1.5119656695664545,1.8862716857959267,0.37663775157851126,-0.279078391487382,-0.5749613078545468,-0.106049245346578,-0.398702641231641,-0.9982228948153804,-0.39174971230216543,0.4842785198318959,-1.052059292187465,-0.14837218916160086,0.4321220383192276,0.8085652605878513,-0.5993101047523186,-0.14705901309076086,-1.2975806718918417,-0.028986608235817033,1.0322631347773579,0.46964711070845777,0.749964732001246,-0.24932115178857342,0.48592942657991545,-0.4970343933356806,3.0
-0.634513839768471,4.5946850878433825,3.3290863817039953,-2.4339777405395577,-0.9972815822323244,0.3150732249259075,-3.2604115264091202,1.4489508772259783,0.03861970095315796,2.18066530546605,0.4927569240603694,-2.2895774160821727,-2.0662040294986386,-1.067847627636898,-0.21657929136987428,0.6966012351020384,-2.145623974466784,-0.6816058402438826,-1.5000913168124534,-1.3352759474125955,1.5139366941287309,-0.6189971840791598,0.7148617855111193,-1.6003294722094525,-0.20692342760196886,-0.16935360743928435,-0.8259644836970793,0.8479702177425543,-0.3148704852753775,0.0
2.1877910826490217,1.3494098221805175,1.4985442947736693,-2.1722308829822294,2.1429884148448157,-0.16183787175864445,2.5805066014158915,0.3010739862560827,-1.779126435339556,-0.5625544378990679,1.0088543631618003,0.8893942254437365,1.1620181497526283,-1.068845996920312,-0.20169169382743055,0.423592459434886,-0.8826582725381245,0.6116736092796616,-0.2834415921460834,-1.3918970055461342,1.320526713361677,-0.09187881201711263,-0.8668226679074496,0.08007566464272735,-0.7649790684953698,0.3437305772895452,0.13905029787067655,-0.09315192658073865,-1.103370305958307,5.0
1.36642386352219,1.6238871645426949,-2.6823766650129053,-0.7793597226570058,-1.928420499892066,-0.12763172779380313,-1.4267005169040115,-0.6345325124534289,-0.11921627111028003,-0.9916741874479237,-0.1415889691231305,-0.34201879964724824,0.987501054645096,-1.2487627387603504,-0.7767929904322771,-0.3800907896482514,1.0348561464977428,0.4783907378689227,0.6460638217527616,-0.5700608839632435,0.42881106269015756,-0.4082507757989293,0.042352411544284,-0.3294514108065905,0.4918893768868383,-0.16222206377256082,0.10902675871601956,0.2797116550229634,0.6371786481215054,3.0
-3.7490808672258233,5.209275411506247,-0.41892625037164255,0.5428396846736645,-1.1893126605564674,0.2594861451185588,-0.597495152323033,-1.1115337849988576,0.7699101466362214,-1.6269323676963656,-0.9542557485958637,-1.407149647971459,0.21153226727191932,-1.1849304533088156,0.2911723996800968,-0.24998648284229885,0.9335415254598449,0.5888164547026445,0.17541587013779567,-0.15010243182674737,0.6458413554639407,0.3209377043461945,0.074239476482001,-0.41074063848558895,0.16469766478240125,0.004069295656408798,-0.055689111924541686,0.9702225716567812,-0.181832250713654,1.0
8.051612719484746,4.493184433180866,-0.965251641927283,-0.17672741017027746,-1.9219605168592295,-4.089217222181093,-0.6148341170650281,-1.3804037978674468,-1.8720549882049697,0.9562434310774558,0.8933047563340363,-1.6966094231852702,-1.1616654904379697,-1.5864684185522597,0.6223396249293286,0.9771518190390165,-2.04747936665169,0.4489561442370366,0.1934855431760274,0.4162720287113021,-2.4820441228560286,0.45988152319479586,-0.8258559938934759,-0.4341077085015107,0.016724576293380117,-0.5459092278972035,-0.35016922953556573,-0.17629383522889475,-0.9493844211221694,2.0
-3.547291354371545,-2.226703337466138,-2.065759636099523,-0.7127526006380692,-2.219287583414836,1.5336916486474619,2.2243036706214663,0.979979180556848,0.05427142495636893,-0.9947800225247516,0.6537649159415676,-0.3663522229253307,-0.20307485754252963,-0.8945404234907726,-0.0918370189061996,-0.5570436210841389,-0.3650740144429409,0.6294689533071343,1.2157788037451638,-0.7590824555709134,0.005286168198957898,-1.160161099622746,-0.3287872024491656,0.2854675058535559,0.0777877918127325,-0.24882802433686646,0.16869107267831857,-0.6007096213580726,-0.1338054045688113,1.0
-2.372219231435367,-0.898138571860659,-0.8482916384418827,1.1669305559063756,-0.6302099315706753,-0.036534109397784724,1.8454762117239298,0.3934256197723829,0.328986672991603,-1.8165274084538814,0.34093180437308407,-0.9460781822521758,0.4649927370417057,-1.1905276477686118,-0.4758421204482021,-0.7558098296708307,1.190360073936748,0.02194464414475483,0.7782673721227558,-0.9881798827788638,-0.029256032087402777,-1.053426265380645,-0.09919685188577515,-0.18273842627881826,0.6628016349515764,-0.04825572942086697,-0.021956819295273704,0.2669862862034696,0.2676657987111144,3.0
-2.902996903651576,-0.3833479368961661,4.07006031878316,3.414555962564474,0.06597533671910036,-1.340319844729884,-1.227468143284694,2.410186266386542,1.4649322712383859,-0.7607612920347983,1.6857281929971124,-2.4234085972665906,0.43936534922273063,-1.4094386410148378,-0.2568628762872369,-0.23975101759316134,-1.0219896040483334,0.17510777668630514,0.5895054244355318,-0.12792411748217467,-0.12076240268955023,-0.951758678635916,0.4501679180864375,-0.19074192806125095,-2.1182250032544463,-0.39483005706955887,0.8838838139189881,-1.309464531384241,0.1510836364493335,1.0
-5.726501529597001,-2.0484628935336793,-1.8602077436873858,1.400122866203913,2.6017794145460287,0.6336802931719934,-0.8211783650892196,-1.475916799677126,-1.308245412166112,2.06050891890502,0.890400403926185,-0.9812387265079261,1.3756567460255555,-1.4107176666542702,1.0287564109191214,-0.16395175221199948,-2.2588628325044637,-1.0256444213813516,0.4515301248458474,-0.062273768995592504,0.6504725306208241,0.6739712403982068,-1.9734427262248544,1.3993821858400242,-1.2587565478116431,-1.967718828797628,0.2765049408653294,0.03442111123948656,0.1763474453186724,1.0
2.839040424039038,8.470423142165354,0.451025427691688,3.7147054616978363,-1.8000942449873398,0.3991567507067907,0.3626013397371413,-0.6852063946613973,-3.302369524425403,0.3110441435889552,1.6467700950133026,-1.6461097744959516,0.2273028052896807,-1.1589121871199397,-1.5238433296291483,1.6721668423333773,1.2320123307584627,-1.5210787412513944,0.0203275808931649,0.7493783392359515,-0.6411262685751475,1.6746574093126885,-0.17594617811892796,3.435030870256885,1.1426503998131632,3.5645620335448385,-0.9612912028300273,-1.422695652557412,2.7335587149249436,0.0
-2.6573419003556675,4.972559300283807,-0.6163377579517034,-0.33669591660879267,1.3202991174186351,0.1486592866003967,-0.3399045755914859,0.7876729379146491,-1.9731400582987195,-0.16807783672781174,-2.99987950152338,1.2779089287965584,-2.9880575193054613,0.8277225937561717,0.489372995221818,-1.5707106362437262,1.830348128412043,1.1257954085659472,1.2111645947373988,0.3649216905557855,-0.8458841392452789,-0.5351921766904953,-0.7608442670003132,0.21113508103403839,-1.5226682614993123,0.09796183966807749,1.3847764800606175,-0.27013281013773954,0.4767645499824864,3.0
-1.5340589460982619,3.2353784247105772,-2.1111884731210075,-0.5760826695632959,-1.5291562526451281,0.13714010847843916,-1.2502289875923203,-0.37440079050049124,0.004493145415598647,-0.924222777968202,-0.7419608271818341,2.066085611494413,0.5483709044721335,0.13086717948335233,2.519618433505402,-1.5098548923581712,-0.47954736340707116,-1.2176807524741267,1.1924468659807126,-0.4143051974661745,1.6665900096730777,0.9420103451336191,-0.04476084735850447,0.3737865848431421,-0.17528663862837768,-0.654711740569957,-0.4211002971068561,0.9867516472631666,-1.468072099903611,2.0
0.279559741835519,8.455406674362477,0.46587282970813737,-2.8813744723006893,-0.42740352770011325,1.1196578921758664,0.4375137218024129,1.5776541310664705,0.1056540662685851,-1.5167399346847616,-1.237519262133295,1.2657308487682057,-1.1521871450628514,-0.6722419755399827,0.8132128979973138,-0.759776318222462,-0.11984065018460678,0.26469879045705175,1.3462539297227198,0.38995973683401114,-0.06964861646934989,-0.8367005823298163,0.4519650173610558,0.551498269234603,1.5704889986190071,0.48052955577376893,0.04294508400761885,-0.10872681423208498,-0.3163765755725662,3.0
-0.3417491514600873,9.327175884513842,-0.15422871017729692,0.43227271204015094,3.5324676771131793,-0.17874486153285568,0.12759525423179038,0.9899045605575065,-1.168623019517821,-0.12361464436472507,0.3724597761737359,0.34755807542083905,-0.5130332921217509,-0.026675875909694818,1.0286128548417188,-1.2691823811079266,-0.31923033319041016,-1.3136813396424352,1.6624410472689206,1.7989922681961363,0.9132019133660154,-0.41615045502489767,-0.512749996379935,0.5856472651348282,0.1226588999589476,0.8199197453257534,-0.8481777332352674,1.2338184629256956,-0.8142087232168469,4.0
4.834814583015861,-1.5329838235945632,0.810816656636206,1.2315131031378952,-1.2983161018315035,-0.6158906857929237,-0.22554146187429863,3.634795990945853,-2.167578848997358,-1.083120571880912,1.6658079177870175,4.032732670525663,0.32873374956391704,0.6198191097776938,1.647735347493202,0.6229391363088105,-2.5180689862155576,0.5086225582670185,0.28268090248358624,-1.1639711495399132,-0.17971743263315929,0.3958313773503701,0.07133522416709359,1.2336024160517363,-0.16274997322418802,0.7876882192959507,0.09226696270488435,0.2177655664253401,-1.1425436576690093,0.0
-1.8699200371171683,5.455428368470553,3.157804036030525,3.1934709297122796,4.389233539319062,-3.0770122290273205,1.0663426268068783,0.1937678414349022,-0.9845602651635162,-2.031230213051226,0.6468483399632698,1.757382725625797,1.34251943202649,-1.1201104336844396,0.18672881380127837,0.8636251977608889,-0.07104463833530311,-1.3680767239371845,-0.6476918188554404,-1.5439718695927274,-1.0343407247446692,1.2719234570222304,0.7751408103372973,1.2207408549598133,1.2003392885093984,-0.649481351577358,0.40600451891283157,0.7431053565743548,-0.13331453885239822,3.0
3.5090570804503747,1.4720923079781671,3.9064030371806804,-2.7937621702981885,0.014751635063881533,-1.0945878142321854,3.6830909668760903,0.6844870113425899,-1.1866517664777538,-0.020025277940173364,1.7351393863710036,0.29315603953019487,3.9749530803843784,0.46645427773609327,-1.2881039400546177,-1.0413403583198237,-0.013452506134235936,0.24697686956534906,-1.9262070202098578,-0.8394066505295095,1.6111563893225795,1.5240773307653257,-0.7631384462642524,-0.8056476145400094,-0.5859862635221076,-1.2670394314307727,2.725471674601638,0.03508163977412163,0.4813086193422181,5.0
1.8304453344743326,0.2970398408494614,3.1047993685588127,-3.4320970265912525,-4.406615215407572,-2.299004942399295,4.376739081211751,-2.6563314521932355,-1.3268732825313128,-0.10885748168350613,1.7210557339847208,-0.42387918955724174,-1.6724656952086694,4.3748749669642955,0.5021916831105717,-2.5235202562405066,0.5237279952387751,-0.1995245691692357,-1.614767958150295,1.8298500547525125,0.0897344997676695,-0.8898979106776425,0.0513997580415666,0.5039690665115485,-0.1392296630876824,-0.2133807641252156,-1.9596580152702876,-1.7427839885644958,-0.1556441322916723,0.0
0.7472572892953102,-1.669048303037713,1.00159476251233,-0.5298484812814126,4.498185271581945,1.3792336570613488,-1.4913651356188637,-1.4424505887516819,-1.6873221404414043,-0.011907282325107892,0.5102835543379305,-0.20972672469528736,1.4542497770224925,1.7387348617282883,-0.7552813542350154,-0.6611877070863803,-1.662426139321594,1.2390416320551234,0.0418142875273312,-0.01803688790919486,-0.20706834628750692,0.90334700035092,-1.207932399292445,-0.6450834131501434,0.627700923922588,0.6637014772038176,-0.22713157968027237,0.1669578687858886,0.4919886415236798,4.0
2.2331438063707534,-4.625531446260742,-1.6762505471180498,-0.049968076744039136,-0.7167368238419468,0.25562517354379877,0.7670903687030992,2.211173782231535,-0.730554253071544,-2.5162180401057794,0.9115648860301971,0.5505273290431982,1.0404309928966626,0.4627416380708031,0.2916688976281636,-0.9447818255477578,0.48149628277958134,-0.9171219831159055,-0.11017968560505313,-0.03145543328232429,-0.2947162228066961,1.0776956094334609,1.338290059580754,-0.09981676139204668,-0.04925513339381756,-0.620665011256123,0.9632426182886433,0.018340759646477862,-1.473736485420176,4.0
-0.3951159561263661,-0.8758531388366285,3.2493011401580723,-2.855095983899881,-0.9165556351401666,-0.845834219475135,-3.725995380567163,-2.9348037450496096,-1.9712040903291135,-1.9694267941818298,-1.2832083227648823,1.203210955141639,2.0106395268180615,-0.30192809500363593,0.41298468884070316,-0.30188705789720005,-0.4283832591445256,-0.863260957383526,-0.1642085199058805,-1.9932083930946694,-0.5334022319932478,0.2902244438417738,-0.3231522386753497,-0.3392880275085724,0.07815806471419162,-0.5765140940258592,0.11597779167581525,-1.1539882472129686,-0.27009309947339527,2.0
-3.920657872626201,3.2119061316450392,-0.29021208907877455,-0.7916161192269989,0.6861202737258948,0.5002157322974277,-2.1404549921369536,-1.3671778975724536,-0.5021353132690042,-0.20339726562498528,-2.4303639004099216,0.029065810360832407,-0.10925476767734506,-0.35566008759480094,2.520062979559966,-0.5568335369342878,-0.7668271046634747,-0.8490765000945942,0.07477361801054681,1.8548987320831205,1.8248762021151943,-0.03031374871592791,0.5414259749864688,0.7160048970775865,-0.8054947045464242,-0.5675256571480064,-1.0790310680824424,-1.9251196939682225,-0.04199300182168384,2.0
-0.2944631823223658,3.0607293367248265,6.1735706493776075,0.7525693595624958,0.6574004911973643,-2.8437751644149873,-1.7533971184126285,0.3318817786473455,2.211436674065067,0.6072150124622713,0.27220376430998566,-0.4132240109467217,-3.8988105330242444,-1.1683975287877584,1.213462666712202,-1.2012154056280033,0.8729587801455359,-1.695015558449421,0.43982889146784115,-1.813662758239626,1.3771876904311176,-1.1063248899924012,1.8304843082062774,-0.8999411294208889,1.0576264637026458,0.6676232327819368,-1.431189050257374,0.2631364436236396,0.08950108390844827,3.0
7.842175296724879,5.2662576833150405,-3.6337636711813435,1.6802168997818432,-1.1452856722490452,-2.7405240976719476,1.054279912389543,0.796193035905807,-0.1529425909206242,1.121541158412714,2.5714883921923763,-0.2727112143282573,-0.11088337439671912,0.1852564319041898,0.9859747001496959,-0.4879931930481388,-2.1961221632662684,-0.9082930142566972,0.8423533252721402,-0.05164555159295526,-1.1381117604143671,-0.11489713776343626,-0.6837094213418684,1.7339675871679183,-0.18759751276901301,-0.8519390495718563,0.39251664354480525,1.78345834500572,-0.3569173468144014,3.0
5.925473355394202,-3.392948583480762,1.3403548846044124,-1.7562329857821715,-4.460815671912416,-1.438059185854846,0.19698115787469445,-0.1305995823144579,-1.6020913066525024,0.20054016807350722,-0.09119091188813636,0.5373031903345249,-0.13579990002564715,-1.0941018471317938,0.04843143660590786,1.0886636701891685,-0.4953653486009796,-0.12850879272087548,2.187216225419996,-0.6833250523980505,-0.28073447809541624,-1.6572623279160257,0.41373788934590905,1.860006630286085,-0.04660576970672078,0.9329615371586301,0.4690314723603778,0.08107311787487459,0.04402540602337548,6.0
-3.280306813498113,1.3881135605413353,-1.0396679369046375,-1.067160684878033,-1.8738686461055711,0.7450751287674656,2.1983327206223646,0.7166981889510547,0.06819047699741897,1.99442722780339,-0.02436018307161074,0.5197059555997761,-1.592822853707299,1.526529184310398,-1.035017880722412,-0.43212811274043283,-0.3453456128137894,-1.1441172623595417,-0.1096220855751071,-0.5076631581123751,0.25684956382575125,-0.6782816296969318,1.1215649882280492,-0.9590436313328434,0.8737863138105583,0.9680797427966906,-0.617163468757239,-1.1237157638223507,-0.46930601739231376,2.0
-0.24795883786893214,1.7247237878478492,0.44716703981143097,-2.201188206678475,0.42526900659430095,1.3296042317013756,-0.392732845031964,0.823445942396374,0.7667516248001802,-2.61363753333316,-1.2282578573106893,-0.062253767971867754,1.2898243701555065,0.4774404243101282,-0.5949461478966971,0.6107360207839997,-0.8125739393986386,-0.6673948907872621,-1.1063918923780909,1.1614357364496966,-1.2760543817434584,0.33337348185776744,-1.02543213433681,0.5040924242979559,-0.1554771265055449,-0.013461839305463257,0.8719572527489993,-0.021889971212626404,0.5925087088610995,2.0
8.840366621885721,-4.363894641505159,0.4160422552676613,-2.344097533628175,5.981436089913271,0.936426344911701,1.9861766352478056,-0.840218359241097,0.20475557146947407,0.6485755191677033,-1.8428593713984247,-0.2148412231754937,1.5471660895049384,-0.35867067434754346,-1.028147405940543,-0.42561112104994886,-0.16015638183984934,-1.3136359784355585,-1.5126965005009998,-0.8954155790364795,1.5606358647809253,0.15765384645854857,-2.046769224812987,0.8988217059745742,2.768305493578765,1.5838357304155288,1.18418358993995,0.6805439675919076,0.26916293866313196,6.0
-0.19691065730693588,-0.8700686570083636,6.280332176332236,0.21357365919708252,-2.8562289459229597,-4.3462762121478855,-2.774206592953661,3.928671926578489,2.263186385905184,-0.04783479023785237,3.15124669101808,-0.22924987254393742,-1.7902210720433345,-1.9361114560827113,-2.775942425337271,-0.3426447529335358,-0.5512584536598134,0.5237677873232522,-1.0694502013071856,-0.15536730431301563,1.176953067303801,1.018790320169291,-1.6319027564112538,0.5688992392893062,0.10783627961487348,0.8117373815086995,-0.692573100363323,-1.449812286091824,-0.7300349929736344,3.0
-1.470510179443705,-1.5739992561896834,-1.4733952880770678,-1.1792165543734232,3.1713789992786334,1.3260363684151006,-0.15508083032166503,0.728103378825581,-1.4248488843109206,1.717864775207437,-0.0444349801279243,0.5798327712169642,-2.8031444773449676,0.1711773180613932,-1.5702442345292806,0.5745925704002038,-1.3594870080258168,-0.09771430218759217,-0.05186295436673283,-0.5685548679014144,0.20552905938028243,0.4389552924769037,0.2013015778156211,-0.9530931650892226,-0.46148037189063523,0.22722305067948176,-1.0177542367829109,1.3361871386328474,0.5577686044032307,1.0
-2.8283659008366406,2.412311495233724,0.30679068847487934,1.089562224251292,0.7751697624778543,-2.9062456116945623,-4.88951397896538,1.7256845690647098,-3.0812361479276764,1.1074593248234783,-3.801972320788856,3.4718244182106193,-3.410715601419142,0.7385738230825822,-0.7913823121929545,-0.28876894913592044,1.350722266458178,1.264986133348299,-1.188364515905288,-0.6838800147310883,0.4519777596428753,-0.7104489833148997,-1.121973581593441,0.9126251942536281,-0.0866525042269164,-0.767867355110923,0.3589879017229701,1.2137339397211917,1.155814752560805,5.0
-1.9665776263191668,-0.4742421649463358,2.6557791687165424,1.2287953533848506,-1.7783372424321577,0.28679028475104934,-0.9670708546513533,0.11937965024701494,0.24707712498774625,-1.0565477205672853,-0.8234625183903865,-1.3308077423875915,0.16512745067981352,-0.12231119514077397,0.4598217943365156,-0.47191729016105727,-0.3588879590490705,-0.14111482358418456,1.5306072611269006,-0.8040958683934814,-0.5355389798501655,-1.5939900822594493,0.8162539877730643,0.2967276484366278,0.17606796814600742,-0.6539503155465539,0.7592965111904163,-0.5362671782703865,0.06070366944408704,1.0
1.4603827348056546,-3.100229477690319,-2.2247040192224756,-2.9579912924554224,1.8684734526217572,3.1315665670369737,-1.6600130613794766,0.467482120247449,0.149966172767967,-1.2618280476939783,-0.385059994360036,-1.2320467955195908,-0.45452560824929794,-0.6263141762462853,-0.5190175705406233,-0.6849964354094095,-0.47549094761238336,0.03711662118749121,0.8806852540808929,0.48506818566121374,-0.31973749313579813,0.24758661116175226,-1.1503636342767554,0.06631576555866568,0.7309062257973358,0.5117266352968413,-0.03720203972812357,-0.32323384173425856,-0.3346126502149377,0.0
0.6316455817279759,0.6211288128357315,-0.5203552650013851,-3.2246919775246115,-0.1631885085308131,1.5956914942016787,0.20638921992057938,-2.2237268752757684,0.5030714512573772,0.2545322429802189,2.3853058847953044,-0.7344255359891153,-2.5803368129273494,0.7831687308644837,-0.9690822277471844,-0.6370741194878436,0.5105532343046985,-0.9388634583378797,-0.7942853476339862,-0.9162112125553362,0.8686659708789256,0.010809965425824504,1.301836009583297,-0.6053233856380728,-0.22212563025758128,-0.3259952062125957,-0.026538551800930083,0.20461870514298314,-0.950374446362958,3.0
-2.495341991817362,2.4864262973809144,0.892724773889678,-1.298666802161753,0.7170145569909481,-0.3287858173889424,-2.4812357404867864,-1.002676268863128,-2.169657161274969,-0.8106412685086714,-3.155556413416916,1.1480620514999846,0.22420073091789305,-1.2730047026308342,-0.04338708819557478,-0.777517893109251,0.5771592995365665,0.33440799695803103,-0.19298141553044282,-1.2996977195858972,-0.7748332620067359,1.7090140045411046,-0.48339441711794545,0.2960389633758151,-0.10064071244111164,-0.6187962967353238,-0.7447202480885908,0.8433461670364449,-0.3082399097974477,5.0
1.431007108964398,-3.8305518799658222,-0.172650611844912,1.1703724849575154,1.1394787798116526,-2.343052552388043,4.2129239557434115,2.8645070427712778,-2.7471299081705456,-0.27060649882994153,-1.6363826365039034,1.0274475499487585,1.3465272333785419,-0.7451574525339185,-0.5431669075518164,1.574801009170211,-1.8934408467455461,0.034857535150397155,-0.007605198211174058,-0.10354661425573446,-0.6547236287848472,-1.4157101647513854,-1.0614125469406528,0.1419777050459215,-0.7712018955174966,-1.5030016889420352,-0.07971915024774502,0.8261871881811141,0.46277379927513307,6.0
-3.465228242144647,-3.4536599469424756,4.854862529196122,3.305624172473566,-1.0042697477853977,-3.145672544177458,-0.9369638216706114,5.105090807450643,6.370230723056117,-2.5519160383930255,0.8111139687132274,1.0213220208789513,-1.8795899131017968,-1.0242916228643542,-0.726505937238453,0.3545042180698772,-0.1128182733402267,-0.4581498397333373,-0.4774099943080831,0.7094323301563723,1.56476077877831,2.3912729938119774,-2.7332841388789895,2.12036031021086,-0.22926777226384717,-0.3268780122262929,-0.5241243293930496,-2.3215259499385628,-0.31827285900861085,1.0
-4.48087306999835,-2.6966882940404595,0.09953452913563415,-0.4070307659911785,-1.2896375146040886,-0.25413795940379086,-2.934742108154506,-1.4815097154584713,-0.4243124563961746,-0.26483254573567755,-0.5803970960641914,-0.34406358041104607,0.4941681823858168,0.5881467069243435,-1.2423273578377931,-1.223086215667705,0.4016053105308207,-0.18302238222429235,-0.5581092203379742,-0.13979459448638865,-0.5764248971406083,0.09486554526961705,-1.4090096068497129,-0.49075579290152177,1.3642712815730627,-0.38821048496724836,-0.34538412006843994,-0.3328106827007095,-0.27587288318760594,1.0
3.9225563920449136,2.899282877896173,3.018844292579439,-1.511422334809264,0.19648882675909518,1.0269080764982188,3.811087181935507,-0.17914966476049796,0.45478448002981947,-1.434213209681567,-1.0741855585263103,-1.2652619536890835,0.6381372513430505,1.6214654814513954,-0.10218808190767531,0.2292768212584165,-0.41117751480257386,0.5669761609744762,0.693576577311653,-1.5593912161218881,0.4847492840992541,-0.2423378340745796,0.7981819629506328,0.2833940668233083,-1.2696798356601424,1.1079644110764593,0.19565882342488816,0.2063110390875426,-0.07345566127973888,1.0
-0.6714859733421936,2.3936097249488126,1.7044198468953224,2.6410823222554396,2.7647823941455716,-0.6016176453646094,2.7663291426047207,-0.47195644305080553,-3.453897696250596,1.0044990167149992,-1.184050864352168,-0.80024523045676,-3.799953209436767,1.5626342848382637,0.5355354269641124,-1.106880002599307,1.7532300753837458,1.1595070554031677,-1.1826157507439041,-2.809505581794634,0.28712222271134946,-0.2201922835183051,0.6721652910910307,1.5266407829020439,-2.4612304448983697,-0.9938497026477516,2.1903982779944955,0.5953202532325995,2.1117113117441857,3.0
4.055580713309101,0.563480800283512,-1.5487644590806424,2.9769821000129784,-2.0547456730937794,1.3344377124268203,-2.959534660410577,0.2742381963818499,2.0396007016902207,-2.269744190582821,-1.877978903611046,-2.3529468064585912,0.8313101665006989,2.6941264957052296,-0.10145999466505104,0.8486206265619909,-0.2507421053031102,-0.41171014878514295,-0.5612777117817656,2.1090746804966782,0.1321034725363715,0.8216662028590402,0.09414121745977705,0.31677736429401526,-0.14271761249673523,-1.6456005562266816,0.5224725742821421,0.9290644661680268,0.06512662563192599,2.0
2.9679781454303398,-5.266775138988202,1.9320492091616024,-2.19749777103963,-2.512453349408812,-3.1053314372102356,-2.8801198048191172,-2.494106000559834,-1.170153122978706,-2.58939279354494,0.28046745669937595,2.2734612537258703,1.6610618477782668,-0.7004085644300511,0.8675437411526686,0.35294971837707634,0.3683786960609921,-0.9734194899057519,0.3811179585367138,-0.8409633416079779,1.0256546975100815,0.45226009807610373,0.29436331951956024,0.08447669819433506,-0.5793636111411272,-0.8966689846196854,-0.4706651812462237,-0.5087996237977408,0.0985302180853036,5.0
-2.431225989018647,-1.9096825353503022,-1.219352671233451,-0.38871665148184187,-2.410334720733024,0.6357162994850954,3.064528324724034,-0.397546364860714,1.3430954831453175,-3.0107599192569663,0.977367843838001,-0.3734172839536677,-0.47997863598271406,0.9183002065733895,0.6198854950233589,0.3094781953380157,0.06938298954132173,0.3793342941184061,-0.1484818530214374,-0.1875862342301791,0.44670306593897424,-0.07615889016509983,-0.17898369031862216,0.2908650490481235,-1.0183690141528516,0.0521190787017856,0.2837454771894461,1.196070897848475,0.4559691171679568,1.0
9.384744738941171,1.5397461736267128,-1.3686676630569574,1.3947213193985495,-2.3610140462259577,-1.6611004740716804,-0.9701702942538308,0.8905818904597776,3.347585632310164,-0.5181734372715082,0.9999326891579737,-0.29075398805941965,-0.12140772323578615,-3.0029240815949456,-0.7620053238446225,-1.781217511943591,-1.0383155404377016,1.4397652649865296,0.6581355517822005,0.171117621146848,-2.0403331483421843,0.37992671957107843,1.2475221920906219,-0.7285878676709632,-0.5586649003521216,-1.225297913497206,-0.1262043456993073,1.805384456225715,0.01840544832332193,2.0
-3.884480275629092,0.6079603185930368,1.550217179114678,2.0939960481395357,-0.7093556693728162,0.3685527611205912,-1.670724375856214,-0.9266209757347081,0.878981699600493,-0.6940696531071713,-1.240821474571843,0.2756261810031316,0.44420660348860747,0.8479358711365617,-2.292358301197337,0.3205943919590737,0.744060814909823,-0.6944638251435993,-0.3627431819828229,-0.10817529358751388,-0.6056263332015543,-1.7386934290682243,0.630331392772609,0.45299876782079573,1.1520305545611207,-1.1867218042470609,0.5852671307186412,0.4475871351012967,-1.0997585737693603,0.0
-4.285963253308157,7.29013319485962,1.5282362662076543,0.46493124214372855,-3.069871231933827,-0.6164840141390675,7.006698399477498,-0.32261904562961774,1.4464843995859027,-0.6825308423279403,-1.331155661345103,-0.19168154022615275,1.1119866111474557,0.03838308064495702,0.3770567490318159,-0.15763935662228243,-0.7302518803949772,1.4202870957157645,0.06602009498885739,1.1107007819195596,0.5440242460902751,1.7175416387805502,0.37716407894896253,-1.1568879280981943,-0.07851539913789106,0.9772377724205349,0.028122744191049143,-0.5032123050018468,-0.15286337972163241,1.0
-2.1128946491652547,0.06538264476664019,-1.814840115413816,-0.5229101771373167,-1.5418410229874275,-0.0900914441570176,-3.242381802023869,-0.7905301500125422,0.4192920457093378,1.3305123372764807,0.37801202997043853,0.4249490952177031,0.9239386463492997,0.8114265851117685,-0.2646415201622374,-1.0844372821045254,-1.389690478822927,-1.3765032873187684,0.7579841442394983,0.8103562076677333,-0.6670270386645175,-0.5223534250011534,-1.1318687778864003,0.7650654677200961,-1.6337858326382428,0.16552689627073336,0.2750545440646112,1.178586715176189,-1.4605481506695202,2.0
-3.879079834135311,2.8736425054166954,-1.9814372044045936,1.3388745595327636,1.100599988036875,0.5205051186019172,-0.6889510007750335,2.6758286246731906,-0.7086846606233589,0.4077189786228233,0.06262376595051374,0.9684351080482345,-0.2410989961857551,0.9641685276575483,-0.4931505230974672,0.10455412365814684,-1.487865713893185,-0.12280177024489274,-1.8792985816510421,0.303090504362047,0.5145737467799181,-1.3830410988005954,0.7524094735735952,0.3710289746639368,0.5679667330326378,0.9848376471668806,-0.3498402745221578,0.6416318934943017,-0.6622100561787827,1.0
10.92516134133157,5.13092799523198,8.393635828634876,7.068019272661196,-3.0132560259168097,12.91664815401421,0.99043619184373,-2.2051446884780748,-1.1996539073816344,-0.5066339416826642,1.2870157040318613,4.648151397797802,-1.133598727174737,-0.017033786765518154,-0.15110521087949721,1.1769757896390027,1.7877178895515808,-0.9371433934656872,-0.25537236335731434,2.6948381156704313,-0.946397331791849,-2.283609888744052,-2.067358282634588,-0.3587376799601113,1.3800133337489984,-2.641841983870153,-0.3692319023077269,0.19937102850326388,-0.5716104581997659,5.0
-4.212130564432407,1.1512398978541907,-0.796339561188073,0.08739654844787269,-1.2232218834480004,0.7807131587490517,0.6369357377618683,0.06992172612904679,0.38145242198268153,-0.9854583939245842,-0.24992265729694074,0.2521198410416027,0.44414350861790236,-0.2135759475943166,-1.1435821861941748,-0.2738337108746706,0.06814699525589335,0.18816985794283264,-0.039707229907009145,-0.0649892662452807,-1.2952453588727204,-0.8897757157183604,1.3213569812195514,0.11288015738005026,-0.026037469742644113,0.8442438407475884,1.4095970833298712,0.21453656522898684,-0.2565280668231151,2.0
-5.295156194674888,-5.096945490261122,1.014640409925748,1.7472091147148605,-0.8055999148571413,-0.0642844538316472,1.6317025778308876,-1.1473732085376873,-1.3960985963760297,1.7230698677037883,-3.1586056935645215,1.6470154133992883,0.25039338469751665,-0.7072741973481685,-2.4437092979639923,-1.703640996205057,-0.7673873587410311,1.0857307325658743,-0.5272299870475782,-0.7040788543537185,-1.2941352502798975,1.6418662285787955,1.74176919436606,-0.7480291027289369,-0.9546410523921733,-0.7254579933347569,-1.8653058004862602,0.2656726179381311,-0.29254123786649977,5.0
-4.2589798625416835,-3.388780528158826,1.0021340278641027,1.7314295294475006,0.3716958645910027,1.1992651713902933,1.0345493008397726,-3.112204177780408,1.0799469292152166,-2.43295894626741,-0.252620365003638,-0.93517265576849,-0.27829742413764186,2.822271818096206,0.1488324928800282,0.41289300213587743,0.08936300765500066,0.6140468191216721,-0.09755557920692423,-0.4344390708410522,0.3906273959729056,-0.0030926017298197666,-0.22179563611364117,-0.7564673493401561,-1.1260158726703533,-0.22999666335168256,-0.3384768698231237,0.71575299038857,0.0031591862673247244,2.0
0.9686597680270983,2.40126030790966,3.2933582489169724,-4.04467240162256,-2.2051095693046263,-0.9013042128055232,1.489657642551646,-1.6238682448007293,0.0217909633720322,-2.0152759594002534,-1.1031275834231111,0.5530441836790806,0.2450498233127573,0.9834415188718947,1.3690804166551465,1.2965029691719518,-1.1946240271761366,-0.010801353296622705,-1.0346242366476885,-0.02838095326238875,0.9284364135254068,-0.8828730383786338,-0.8746783304981622,1.0208316443342824,-0.7420216933506601,0.32181762850039525,-0.14888716028918816,1.0487697999159065,0.6787689245005234,5.0
-3.1649380269294007,-1.0766582221327001,-0.9835558335921827,1.505057250315158,3.1406434737818265,1.1766841862839148,-0.890898379854965,-0.028663873780692007,-0.834820091204823,-1.3670229447439755,1.78464243780999,-2.162221437841352,0.09968920611466353,0.32201648580673065,0.0600949795197851,-1.4354988924766996,-0.29763093698229726,0.2046460271697659,-1.1235329438309716,0.321630878197463,0.057588687321481154,-0.08043533159465538,-0.4088880368448417,-0.18431426109853502,-0.5071533943183374,-0.10409782987348222,-0.11738007734799215,0.33521371515939025,-0.13993935176306005,4.0
-3.821475607201374,-0.5251636105084998,0.00406534441990594,-0.4858195045023898,0.6269902898631945,0.21155236793132565,-1.6049075479100936,0.40030533733818946,-2.305952490974412,0.8704052333477523,0.35428299692482906,-1.3468905352311338,-0.9218724660738219,1.2207146106668365,-0.868003739479923,0.3674472433501508,-2.093780717942572,-1.6027216557966415,-2.870090638478033,0.7816297211347676,-1.2313367570763722,0.00963409660222757,0.8580258851959983,1.6827090626995342,-0.2630494023285342,-0.6386212977833169,-0.5854129344128876,-0.4827500117658583,-0.10823074025157892,4.0
-4.023014357945492,3.836824189556694,0.10082849381875153,-1.022224850575935,-2.1892986713735527,-0.4530238585342677,-0.5572690780562148,0.004657082914194187,-1.4133902407098116,0.04742241007137995,1.334504721139638,-0.05776760263774869,0.08935790015464261,-1.3242751964840425,-0.5719440241886887,0.48371061145424543,-1.5895758032246772,1.7815376318299523,0.41120186068698866,-0.4475330149924043,-0.03141870127539597,-0.8994988387525436,-0.8464141278604501,-0.21892020657027014,-0.31235710759758323,0.5252904862220173,-0.34000223045402345,0.13630761940653657,-0.03579867259737429,2.0
13.615124458784823,-1.5009145398891117,-4.049243345339156,2.3380230998501026,-1.5654794065425808,-5.8279157228989655,4.021816686325128,1.5144354003113922,-1.8325849631591598,0.5761404455307217,-5.403750913709674,2.0054374980791865,-2.0915234563286353,1.1915771029738647,0.6674240411324479,-1.1774178066648597,2.7374559886533287,0.6190869322735875,0.4241430903690585,-0.44652960107267176,-0.21931967199520808,0.8857271141726498,-2.446942317913061,-1.2068193946094734,0.1906842206747881,-0.366743182986982,-0.17134196742993354,-1.6099543619848542,-0.8613977952427839,5.0
0.7994814658794769,-3.087443637553583,0.5562300214106616,0.7883041906673951,-1.3377260497158914,0.4791868629280294,0.8051824055450215,3.919590633969514,1.5829350623944964,-1.7509362031518467,0.7165668874095771,0.27737194453112474,-0.40699492193542686,-1.3244771045921446,0.5185548910543673,-2.2947352276680486,-0.278104642023002,-0.43411629848567346,-0.25356102940457703,0.02937036454438873,-0.07918698718637296,-1.4546667852955681,1.4306518199733738,0.6003671770475438,-0.24495531740493595,-1.5286326297263546,-1.6977422589547868,-0.2631145286894345,1.1177907556964228,3.0
-2.7001191536703106,4.355548371082192,-0.22404203814603652,-0.7233017883335893,-2.745809966113742,-0.40146549809106225,-0.41243565975299695,-1.9706315423921696,0.1297509996424124,-1.2303237065116226,-1.2617975287759922,-2.3221102134359373,-0.7874178684934249,0.3669642298707985,0.543910335081506,1.2413688853753213,-0.6948815411986344,-0.3579820357063582,-0.8670250372174584,0.9496629682491287,-1.075327851783685,1.674573947004333,-0.6155050501964906,1.2932020656015604,-0.47900745516869564,-0.02727354238043177,-0.5338585736457032,0.1425484406605952,0.5632737446563337,2.0
-2.1866595461806337,-1.707330289269483,-1.9690534463919176,1.209975447769639,0.5361554692289642,-0.3660467809148655,0.46179843008009464,2.371285923887737,-2.7017519712167837,-0.28926782504100307,-0.26888253590312233,1.2878049005045975,1.610149922300505,1.1068037804906627,0.057763871533010325,-0.6420705061054867,-0.7559470346922078,0.16840951759733652,-0.6775993698903476,0.14399799955981527,0.10546837791231824,1.0153777719974484,0.19812892401583315,-0.6306627210214297,0.7767590222595218,0.4171897321631766,-0.17664285578213412,-0.044770080065561775,-0.8134073182497319,
-5.474292287998601,0.6341336504277546,1.6823046106875008,0.9408759878658391,-1.21474194426516,-1.0681174878788966,1.684963221432227,-1.9300173017579212,0.29905701571869436,1.7604165734357773,-0.2385161475983994,-0.24229245916190553,-0.30633642634139496,0.673896462732345,-1.2316911802732615,-1.908675256636699,0.34170618067912045,0.6042458981252539,-0.3129286200701499,0.4577543747674805,-0.04098678056621709,-0.5777489392009166,0.9914800497864279,-0.24596967839421252,1.0796843768510367,0.9992682530657633,0.1539884902648554,0.40714371126074683,-0.3227211453419762,
-6.05615356250995,-5.86413376164043,2.490105595621385,-1.458752851785643,-3.2755827504154738,-1.0570017148030153,2.010544476814549,-1.7791739741933421,0.10864668395456888,2.3748838576949023,1.3078178951185266,-0.2413687605873946,0.7757269836335026,-0.21279978083782125,-1.4687263729925575,-1.8261307037526313,-0.46851934422902747,1.8844449745467544,0.2302408166718862,0.9321007769133948,0.09514461163734736,0.366079417793478,-1.423868996376891,-0.2686377018726284,1.527454713316688,-0.6181422487517119,0.8784008054330256,0.9969726921806751,0.7973338237162415,
3.3303554571532934,5.274202389756787,-3.723146635614806,0.021890598206769484,-1.9728023208899308,-0.02142772620416123,-2.1035462104893594,0.09187548713736758,2.5587473213567153,-1.2965668970068351,-1.7128943900593794,1.0752182790514986,0.7383299763148393,0.6671205457610956,-0.1517704022426333,2.1944519593661203,0.18365860512950552,0.22718570045420167,-1.0747805660500298,1.8248762039974635,0.6215807530496047,0.6878704466995359,1.180356945268104,-0.16318127343190295,0.6118741876082232,0.371084151486543,1.2461002111461397,0.6538661328290012,1.3249813475489023,
-8.640551956793848,-0.05991763648954163,-0.07761395195893679,1.0955680104178844,-0.6575546243726894,0.8187734914261814,2.644740655936393,-1.516492916611939,0.5882889624359608,1.4807951165070958,-0.9693192689104921,0.6507392931183492,0.07384606121391661,-0.5163187538066155,0.5393135954785477,-1.4150958489140266,-2.1500595641154057,0.9142365991395706,-0.2527022932490431,-0.06575682204093788,-0.1497818465402117,-0.875477179149719,0.3436808784908934,0.61422257020073,1.0236706498260728,0.4669723588453249,1.1065267549626456,-1.7440094365967667,-0.28185943987581696,
3.8723919270281333,3.735554464909226,-0.32415245172936835,-0.7062994554826338,4.58035597607015,0.8367653682696495,5.5260541914265,2.22071928596674,-1.42961283985375,-0.37313984929584154,0.412848527322667,-1.6503938424597875,0.9877477698761855,-1.9698414075196597,-1.048896198075991,0.9400297209754488,0.6817989297996091,-0.3116159211919666,-1.36920256788464,1.3328248365034232,1.6671360158628004,1.8713277756770066,-0.28310230362824207,-0.7877885457531412,-0.7642232586748057,-0.38015597247674904,-0.3481868229097653,-0.46912191360842886,-2.3136805324751126,
4.6717801620703865,3.581135434765583,-3.736492688276673,-0.7597365230136615,-1.8490025121239824,0.35735956142776054,-1.1289544188117173,1.0786252374229326,-1.0575507369054808,-0.5445283982056228,2.4374401893120137,0.36219346059013124,-0.00836315492617663,0.3610302778179412,0.37727458690427806,0.2242139383186141,-0.1566281770024269,1.017513950038587,-1.1254339553929587,0.6440270482980572,0.048153011730897984,-0.11317378654368479,0.03464503075679862,-1.3394551818869591,0.05475628157167674,0.0325062781489129,0.8930747023257237,-0.08738406731779262,0.41995287286654265,
-3.1251608789511387,0.5913945870027636,-0.7692940413030431,-2.133087710263235,-1.9169571661130895,0.048441195914307726,-2.468521200141128,-0.2178922316903528,-1.2360038513770726,1.5165017180223912,-1.9355554558990433,0.657034691432303,-1.604556068685904,0.8584884032522617,-1.1976369035549608,0.3571877680493794,1.1819173395534353,0.7594321128124972,-1.3231229284544344,0.1505766738331003,-0.44828911544248223,-1.450255831755402,-0.7497820185794609,-0.38116758886407615,-0.7429847868337113,0.6730728042599661,1.8458671526273644,-0.43448855433801564,-0.6638838653472353,
-7.8068572681077715,-2.511829362349563,0.7913412527719814,2.4651302117918585,-0.1114192281132301,-0.9854761585456222,1.4355671410456905,-1.7240839750631953,0.5252451990907554,2.9911258752834073,-1.2516458200564582,-0.8935720771978828,-2.748300760063406,-0.9454357376186545,-1.5724013741858784,0.05591068709579037,0.6076186457541828,1.340950121118161,-0.22345013860640026,-1.141809613848981,-1.360936755692143,1.3513490200370901,-0.1762138390345103,0.9657707271705331,0.5433369331707717,-0.5685262369572474,-0.06997503450942953,-0.387364103446183,0.6692299913865005,
-3.856810793437009,1.7315001766988378,-1.494010743295591,-0.7934280484888736,0.02962348513692314,1.330078504000094,1.9398615707310523,0.7044237596634413,0.2746454272210332,0.4533518691381135,0.6602075542974699,1.5076749855486806,-1.8903235402040126,-0.18173906471404253,0.6944415269260438,1.1557780308949626,-0.25350905253248884,-1.610137975473778,0.4635463888477843,-2.1904877485263534,-0.7261356434089874,1.680421513201791,0.8602141383389044,-0.4654040431252537,1.2240291452412504,-1.2578792093136195,0.010474319787507258,-1.1074766062196815,-1.2131824431688096,
13.86407767076869,-5.881448648131572,3.5172818560625263,9.166112068174888,-5.991409629488214,8.800608203196271,-0.34549485190764917,-1.2780752116272358,-2.1686362930724523,2.2057266384494603,0.5441207047673475,1.0570787522206657,-0.9918877967060279,-5.298725602634191,2.3904779500223614,-0.8726104232751984,0.11019363235086188,-1.3501485829866802,-3.092260901104519,-0.8376322694564535,0.3604147373708591,1.6992601288031406,-0.41215404715858694,-1.4183231734638826,-1.96421744929359,2.7607574438775577,0.8821237990804432,0.23684947504421724,0.5672393401201201,
3.1252653701958355,2.977481395690799,-0.3186144515872552,-5.727555554796645,-0.26908493644635323,1.573396789659793,0.35188577596061615,-1.8507382033359694,0.24513307406605284,-0.5798090892640184,1.501920687660421,0.989026845658727,-1.5764623543332357,-0.83231610994085,-0.1800044209766953,0.14177845088758823,-0.23139809120868446,1.2858609552910722,1.781025496049733,0.5723701738353738,-0.6505674069067636,-0.0023811905026956386,-0.28396606821026493,-0.21322800716957485,0.23897950831300807,0.5278392245675108,0.5199412605158085,-0.994222450799185,-0.5885453655958129,
1.707817390474755,0.45747220514161635,2.4209178168612286,-1.3716579466401542,3.364606557037943,-1.1530438235921618,1.2347083448620348,1.620678130593393,1.0361786869387528,-0.7374554219834608,3.27038967697772,4.069627364529613,-0.6052979936539995,1.998426461422222,-0.6396552554502835,2.004020152207941,-0.4063303577768339,-1.2945953046400858,0.47011644308481987,-0.9619590642639245,-0.35716956948772693,-1.3639851509350427,0.5285186181559907,-0.8336276031606453,-0.5485197641862041,-0.4114188319517008,0.46519171698665174,-0.7249153929272871,0.48105013642850963,
3.766838266267886,-6.775316247371059,-4.645105626111861,0.7437785780015476,-0.22988116623401775,-0.693123647967897,-0.09655883395529044,1.1366509888502918,-2.474935039240054,-0.0315571103018238,1.2418394650659983,-0.9544085856610084,0.8771665832876471,0.2716963149579533,-0.5576902441642256,0.32367580298115334,-0.016851606756296794,0.31122844510805525,0.15378908553215187,0.10010660283821467,1.2197309181099154,-1.2788174814254534,-0.6542351204985515,-0.43489973677989857,-0.36157375748500786,0.5520211545095044,-0.9057143106486709,-0.9009812470389881,0.9011416756033271,
16.73035002302543,-0.0783674770059378,-3.588113390738404,3.585500808623342,0.34594108355837355,-4.128753563129809,4.794188885458175,-3.044446468768407,3.077188218693293,1.2795842493603806,-3.6779045155534584,-3.389379033360956,-0.20185547176838187,0.6829417891725285,0.9921002457509274,0.9895571711744386,-1.345819036488721,-1.1875455587253132,-2.7163478510344023,-1.037979248845405,-0.5899719281223864,-1.0432624755009656,-1.4808418201159812,0.8110412094164752,0.7052202207609476,-0.36225396913935487,-0.6033593688957204,-0.2694153006521608,-0.7972106820470254,
-0.834965783410813,-0.605235872595266,5.365615913596233,-2.6532579405577983,-1.7213702485673237,-2.139822566623133,-2.5750833499739847,-0.6463000960516356,-0.9766740238887781,3.712951295347891,0.5358985695308104,-1.3838797479250433,-0.2857822136571587,-0.846443644262777,-0.1610089835738991,-0.08850576938259001,-1.2122186983733074,1.202334936246236,-0.9472845754183885,1.2668344907125184,1.7070815051826274,0.2751545087647793,0.4198772929112701,-1.744149363440509,0.8340509975351302,-0.2927434361195801,0.6467044116699411,0.3750149790265016,0.7227004938262513,
-3.050553743430978,4.261257055458685,-2.5642135604660226,-0.5958041089374305,-1.5393733378734926,1.6649190153062974,-0.5750851246057569,0.21618338666212245,0.7425185580439831,2.710165587113413,-0.5338937473047846,-1.8098236279422224,-1.141179442259115,-0.2129327802477225,-1.4109713428349244,0.9079059844462433,0.5347789478025331,-2.0781022323045852,-1.017760929132178,-1.2019221951130195,0.3411752749244906,1.5990536092338388,1.1755901379878815,-0.5521805773168598,1.6106440376486764,-1.1421351803952584,0.30590053920410976,-1.1063273894362415,0.2878738151603041,
6.5247710552281575,1.9441833700335598,2.098264109667264,-1.298665945862401,6.210879883702466,2.2315327536522127,-0.9427944478247866,2.2024407968111004,1.7569563748003956,0.8001354440241879,-3.1619567401224122,-2.60737317547312,-2.9409522913753845,-2.110724763681349,0.8877645975918593,-0.06140007366267903,0.5121618073762984,1.1461154366921236,2.510886232773163,1.0334471770797442,0.4264861925289062,1.553440347039,0.7334682261853176,-1.405817318749436,0.09677817826941763,0.26464455724122926,-0.28667893188391075,0.5088396677885239,0.09537467203434033,
-5.3993592602426865,-5.078434887328853,-1.58202557898497,-0.9412971772615473,-0.3826949335284328,1.4979033535810968,-0.8295954459617699,-0.9443468800263551,1.392443008190315,0.5037224699197055,-1.728789558949646,0.2583087285768023,-1.255539748773007,0.9123524710734263,0.6302873877132361,1.9477808998654471,-1.6413304053651365,0.2033561925481568,-1.5033525566378287,0.7482664150764776,0.9406156931134033,-0.14877553091923496,-0.2404536322097135,0.5199804561886727,-0.44104544111041194,1.1622045831047423,-0.14908863319226415,1.0373794733213484,-0.5852381511825075,
0.050200237829323806,-0.5157352871322592,-2.1420751007024705,-0.4628481388259479,-1.2215146577791707,-0.6745352975542305,-1.1966173544181733,1.570316149341302,-1.2710346844672984,1.3545814795767426,0.48037523414182254,1.274744683368147,-0.7637062223610359,0.11176265379765937,-0.6451624446455394,1.9191737971368974,-0.8595027978809316,1.1720762044919697,-0.8338863219449987,0.1162537019910137,1.00657641424748,-1.328748965036186,0.6753815354896782,-0.37892162467006896,1.0363656229238092,0.8870125108149927,0.3887251330646083,0.694521470305246,-0.19083161474874008,
-6.316938006242686,-5.987034804877956,0.07216110095965576,1.2197084240067386,-0.1485677086886524,-0.10839549802527133,-1.4600230056976713,-1.7901854576371474,0.41465755051061515,0.017517601847526012,-0.24948048305833734,-0.23311296002531168,0.24895608098881045,-0.6127054261259394,-0.17211824906822046,0.23639058598143187,-0.18094258969287677,0.19831120847837075,-0.36302329095595237,-0.0900997427279372,-1.2842309456468903,-0.867483382731705,0.42648131181506177,-0.0782718711592748,0.21572030731858208,0.4977912800613948,1.3701100429788975,-0.5081615395476263,-0.12500903562549134,
-3.230404321410474,-1.2031896652016723,-1.0865883643050884,-3.097777302634685,-2.3938139296047685,2.265153634946687,-0.41465861950997035,0.14098591486303946,1.112510919605943,-0.07526955314493508,-0.21509529073800016,-1.1881551456416464,-1.4845890724608666,-1.0727040566905772,-0.42529364781297563,0.9664806785011474,-0.4203346140773584,0.79068612241037,0.24554511306995905,-0.2772956854705981,1.017507010014994,0.06374894183319134,-1.3877712683659778,-0.1676510427212459,-0.10811650891916076,-0.4008239079929304,-0.7335646716871073,-0.23310289566165798,-1.1107355445194214,
-0.34412640123177135,3.337540233130765,-1.7087829125509533,-1.5109919614584637,-1.2595342264531586,-0.9349204747307568,-2.8208537798524667,-0.18912765247130592,1.3450715876758776,3.841702414453264,0.7915064354813217,2.97149472897338,1.1219674112230538,1.1484510081460655,-0.02910363044421403,-1.2091217055973658,1.0402413188582023,-2.638352784468577,1.5009095741460523,0.1419877487805771,2.4438112183638845,0.09077930874708667,-0.19361388416908787,0.5671067832708134,-0.7792918235001041,0.6417264936220203,0.03705460472768196,-0.434594692702354,1.133815384652219,
-6.153336416788503,-2.865370385155606,-0.086535986308101,0.9870534649083818,-0.2456035228830956,-0.6353066835701955,-0.014319998150576888,0.05590437941960288,0.023946231940690385,0.6684683742124571,0.7334472685507942,-0.10863911172067683,-1.0707473737479622,0.3847992424466829,-1.2919673773343288,1.456587895577655,-0.3708113939095138,0.9993187718181732,-2.048546728269134,0.20073272187116747,0.7773281341706213,-0.42039807234342763,-0.28895315507236846,0.07729146536759281,-0.6663434836118737,0.5943745942364768,-1.064850681971241,1.0974001154249504,-0.8610011929745378,
-1.21807756418334,-3.856952509394879,-1.75171924810765,-2.6152071781552726,0.18366558773623468,2.0800130514921658,-0.3412384106675411,2.312443842434344,-0.28163592696213186,0.10963283602701981,-0.945153263154986,0.8802196594033528,-0.5887338232395595,0.012267565136603101,-0.3821601284181225,0.7893165861990611,-0.6813276190587813,-0.32003932051672035,0.0017495517415521578,0.6420578807129022,-0.6208491634518053,-0.7535263783000984,0.3140874750959969,0.9912975964983142,0.8355772151606703,1.385944298888612,0.5613472266241711,0.431327138284744,-0.5936346248129969,
-4.885845822706446,-1.5279932750553622,-1.98486725860984,0.9015691623779442,1.8677937052008815,1.1017636842706977,0.28496211511570874,0.9474555113659245,-0.9327693695282007,0.3989829551500005,1.630769581755282,-0.6485255419072755,-0.38422535290655446,-0.411784381085357,-0.5736066902562129,2.452329882678055,-0.8689826426479653,-1.276661166222237,0.23481003305697773,-0.922971265693337,-1.5214105495661185,1.1379013953274808,0.18473192995723287,-0.5282956676155242,0.4098137042325378,-1.349538543850578,0.6576973814772314,-0.044147003021807504,0.9979598833625551,
-0.79418196550773,-1.8874598128047222,-3.327949246789331,-0.7883178411436833,-1.929318768876984,1.0281966847578667,-0.28202057968820876,0.7267885922195676,1.1365851931540272,0.6314401085722283,0.2134358516998299,0.14905300951677125,-2.1908689845915457,0.825430062671813,-0.5795990109840258,2.4216131135842307,0.7142797257178014,-1.706218824649789,-0.8167034147935516,-1.6833117504407955,0.5124157482865709,0.8075180942277294,0.6796072073311284,0.08974035489873888,1.5941619973185093,-1.1259796819951051,-0.13288211657437687,0.45578887412262586,0.4235329913141223,
-3.1132863651466813,-0.8252131004644205,-2.817853781442929,0.6269220903609499,0.009667640889589857,1.1526496819083503,-0.5573820461214275,-0.3115755331657004,0.4000132110121439,-0.7527438678735542,-0.9143917296269598,-0.3755849287397845,0.096000132389535,-0.19006858644111332,1.5903110925320791,0.6505788865943728,0.1442797817651736,0.08346794292907693,0.40044143476603317,0.5608184692454274,0.7315415888381911,0.08177375516932045,0.6595919984354807,-0.39805544835228596,0.25657541911912346,-0.1848088001747617,0.41821397474759,-0.03624006063117373,-0.10312414657749698,
9.1009935364184,0.313224019016128,-2.955910621852078,3.2323023069033305,-1.0165234177677493,-3.567089873493559,-1.484648801442046,-0.5881241527708474,1.7890968521713264,2.976233236641861,-0.8283953310674723,-0.9853943247109057,-0.5259559733918981,-0.8458857288542527,1.1830980380529856,-0.49114739829420034,-0.9984049383496472,-1.814985580032165,2.1361263548705,2.4828931670779033,-1.476563950714798,-0.11616025577004688,1.3365175337068143,0.20292445346080074,-1.0583033837617453,0.6944583608210374,1.3866527609565278,0.5971417011902838,-1.9536295025630057,
8.10378615079413,-3.006757230967375,4.60182102405367,8.493810255181256,-1.760690297426859,3.8998246250020947,-2.1370921593751966,-0.1873966536842142,-2.498044414901165,0.8134087204535694,0.20342080268091137,-2.473777008272721,1.9573738207948619,6.775612912250242,-2.827670559514628,1.3507008309545852,-1.6844607426218345,3.6404693387116933,5.08632844416846,-1.2930446030490963,1.790734910076674,1.8757306717963746,1.8590558112837028,1.0761881793152115,0.8433204669559043,0.854255360782453,-1.1305618132182407,-0.5845547239112131,-0.9423038247272024,
5.6488453744382126,-3.339572859891807,-1.9122611163352654,0.811085329650672,-1.5824738748296772,-2.290038035271919,0.6470206878436459,-0.6264278910191421,-0.4395512826746911,-0.9240556287182893,0.6657070661764826,-1.4120475193256425,0.1514798621195813,-1.1416443268485201,-0.1356868390383574,-0.6206882928945621,1.179342729224561,0.2190833240467835,1.116236408886634,-0.7976733574648421,0.1900446065621434,-1.067194617801194,-0.34064757557557385,-0.7570705284875441,0.9303808894411679,0.8633140803104158,-0.6259703743056135,0.1839245613318364,0.35922403151298515,
3.3654030653002334,-4.066140214715854,5.5077942044370225,-3.942182352871635,0.025627376778528055,-0.8818942120046374,0.11645769078333136,2.341290791528475,2.0021137270008422,3.6261955939139052,1.037141684423517,-0.03210460910453036,2.4082791608204084,0.48937550463891194,4.3773447966433325,-0.07033797742663035,1.33430740763592,2.471700782630949,-0.13556211654276154,0.28777250425587997,-1.325968864965252,0.3502341580111619,-0.6113588136391351,0.09280415517241344,1.5687791247520915,-0.1099390864788903,0.11151954198541972,0.45663322870179884,0.904661667573816,
-0.1817168148206101,1.13458403202537,0.5203755923899585,-3.306410931875724,0.36351976001214614,2.0571124569426598,-1.660452528350816,-1.5882873811305112,0.7666906516577704,-0.290099226887428,-1.2402495234289461,-0.7572966649931051,-0.015856352672478063,1.247452831169045,0.39912136577736507,0.9854748786508615,-1.2780462230632872,0.4997005680081429,-1.323606103066814,2.0476763578176245,-0.9892806065657531,0.5900620393254157,0.7883166225989617,-0.9551025571344325,-0.9918660815352246,0.7290513988315825,1.2715961310305064,-1.4392473655782596,0.12457099763091832,
-1.256262888298528,0.3420604121900532,-1.3832894269674225,-1.166115980081719,-0.3328257178608317,0.17840114579826366,-1.2097895692224083,2.9066735248075037,-1.2326483744364658,1.2795599854751956,0.9607564672086996,0.01652317715091572,1.598185431149448,2.268878128202217,0.6154657161854081,1.6854230568792044,0.2955052053415771,-1.455377190833839,-0.6454379230712468,-0.4298432660179766,-2.528888107930919,-0.28708138796516225,-0.312526365817592,-1.9767344715325639,-1.1514265205891405,0.8825612422819139,-1.7935577743163227,0.04082481386293185,1.3170061172719447,
2.38164030308662,-5.339594948447235,3.169841191245359,-3.7899691850984527,-2.362244246542745,-1.4524400343811634,3.9357595798127627,0.2662981611698406,-2.107437904387178,1.080427599194659,0.821640556520722,-0.07657736672663062,0.8341098630779372,0.025666926013648575,-1.1503480105610056,-0.7325032259761716,0.06740192142683735,-1.4451916220068013,0.42057482985913874,3.4207949232110773,0.5846376874825447,0.792946963592415,3.0595538523593655,1.1169271642725158,0.07761051786691762,-0.9119284056012926,1.7811648434308016,0.5943398768021824,0.5433213562673552,
-3.754232497409822,-1.3309145863537994,-2.3409331892033336,-0.39453006725501527,-0.846888368005642,0.9522783056889229,-2.236789053199854,-0.7171576227149522,-0.013772627683489727,0.7388264684454829,-1.300951828498401,0.7751071691403473,0.5719442772288953,-1.0613677228021114,2.957022676757592,1.556151206697686,2.002207558765118,1.5006148511045407,-1.2252865761066227,-0.28556754600734674,1.1489171437306174,1.3607120740719656,2.362531058939523,0.7272886434100875,0.3990204963702672,-0.7171549515157802,0.12030148506123135,0.22170390375832458,-2.4521495658556938,
-4.637633202496549,-0.09834393280208255,-1.6554100142673718,-1.0081127822525056,-0.06426357131259383,1.2847498747024177,-1.7411742192611255,1.9005541437057114,0.864128439053928,3.274977594249266,-1.3599113251141253,0.21590692048970977,3.6994947985783093,-0.3780036372334511,0.8713154385675383,2.3607159583441137,3.6365062960663237,0.5213960767833583,-0.7534885332693221,-0.0020180458352201916,-1.387559367635234,-0.8695559984010409,0.4528110998667916,1.9512946023705582,-2.24370911436392,1.2523048191442403,-1.4333811595529504,-0.7570088554465643,-0.4802835103032477,
-8.005541722036247,-0.2696910933832109,1.2790493410658637,3.1890666480151673,1.9482669301991276,-1.2036774685131468,1.0751347845120707,-0.7335130195307736,0.21587958816648403,1.7465870159320924,1.4682117809806206,-0.8805163082065631,0.9015834337541092,-0.9885108673301398,0.48072601484474364,2.0250136993249206,1.3127013153794587,2.867186899729491,-0.9027468587414716,0.022461373919199196,-0.9309552254650978,-1.3506250353190548,0.2774626568959708,-0.02969867158632922,-0.25553849929968003,-0.30845717997067224,-0.9009591246260258,0.2896009571234881,-1.1366970440930768,
-0.6538526374085166,0.7434194381344736,-2.169579797089151,2.477725395445525,1.8207618202281919,-0.09823561063443233,-1.1889611906199182,1.8874836256751037,-2.481086181560064,-0.024554595161478832,-0.36261786516779615,-0.7043348855486552,1.4023833896058564,0.03467499237621797,-0.4773168452761251,-0.45037985921299345,0.9850751261087509,-1.1651528460496356,-1.1802935746718963,0.722838810810912,1.5080695861744222,0.3034880844942439,-0.6608841391747976,0.8409802854122714,1.4172890225881498,0.1885024095868805,-1.003762243831304,0.5368084247375242,0.9790188230436747,
-5.871255877621879,-2.6141982589128117,0.7679990640481777,2.480468343250398,1.8378864732831517,-1.8745672176661325,-1.2006318122451844,-2.620638679437989,0.2045286459347059,-2.577668228537273,-0.6444334949520513,1.3666682171050542,1.8612863627017073,0.09079491038282078,1.2118145432572716,0.5073232966844279,0.34050031168197825,-0.7860416642190179,-0.38123070314804836,0.9603073405220094,-1.6843926464925718,1.799933565339371,-0.013447758923734758,-1.9536557999761643,-0.46318838342960156,0.5633613918549365,0.572695917227871,-0.9193564828300292,-0.3431441689136852,
0.4638114183632248,2.8155660862509113,-4.615086686535338,0.8814679071908199,0.28519732086162036,0.23148968277006565,-1.7999556452771341,0.2869330992270283,-0.34291161123013675,1.6021649891550203,1.8856635700736506,-0.4794767107548842,1.6905773551078458,-0.8507660019915835,1.7492242852416522,1.4043503241516433,2.2336961930969776,2.7816130698931945,-0.31309001086671273,0.24626240234316932,1.775797008778872,-0.8341155617510726,0.9573813387532025,0.3430423343102153,-0.5613263263820372,-0.8193007072611196,-0.17386456577547207,-0.9871276745789151,0.10961345378740589,
2.993087645413198,1.812271131599533,-1.4904907923846764,2.755213186677806,1.4698267588725653,-2.9544133980475644,-3.3820779105659056,0.6288743926388017,-0.2654393430380829,-1.0024908100446488,0.44747214707529526,1.2546115968440872,1.4225425323959175,-0.9398100557555418,-0.14476414375461213,0.22698937503278244,-0.42898602669770436,-0.2212300436707347,-0.41175101639205547,0.8498163735604725,1.0666349687879941,-0.5298121386643245,1.390713891729221,-0.7679470053328223,1.5097548350930488,0.1803911341220237,0.31261321566937605,-0.22183895853834923,1.8479620040457587,
-0.7577906744828058,-4.176393956258295,-1.881738040084177,-4.14521518674055,-0.5031729683389018,2.378020447042983,-1.2762783838241156,-0.03135357469925113,-1.0143126466568169,-0.0672516512380606,-1.0226546665270626,-0.2155920471992757,-1.3906716857100034,-2.0197575448867853,-1.3078987660023311,0.7446211136026688,0.016580769297392595,1.1977267556434699,2.080954074063365,-0.2889729586626376,-0.6954811794380428,0.9162001669375871,-1.707143040905603,0.03351251985655666,-0.5884341493226063,-0.6282248115712155,0.1877734061071015,-0.2351545429623192,0.49891852384457247,
2.9728167296011043,-5.275998415913772,0.028728022400187198,1.2693376688943763,-1.6272473546042006,-2.2343227698995825,-1.6295645949354212,-0.03125778167974305,0.8794998814344408,-1.4009338268580218,-1.9078720779668321,1.2761562028026405,-1.2158816082202857,0.5071339688698364,-0.035909706798249875,1.3972383437252174,-0.7513142876299729,1.3106554331375326,1.2736965517651964,-0.21652012592476438,0.3356972313785717,1.388215368444975,0.443783793531415,0.7994687720500924,-0.7514051370177132,1.0129771127626919,-0.17767892978943095,2.3950361210932107,1.318797004841435,
-6.332807108062851,0.7651846159857119,-0.5643058403376802,0.02411845823001672,-1.1977154271470458,0.9290862586436244,2.2248035527829066,1.6242040227943773,2.253181281163217,4.684418212922725,0.5839240929163113,0.3040507669614336,1.733152472023951,1.402326766248847,-0.11416790352824063,-0.2139222075228326,1.3110005503616053,-2.3616128920765047,1.818932371397463,-0.8068635538406776,-0.671971699449317,0.11588454451711913,-1.2703964154909415,-0.6642485782571448,-1.1062275746979364,0.17860612181010707,-1.0223597338305372,1.0743099473227837,0.4695627459641204,
-11.418897155549322,-6.91194283877977,-1.7069790105403726,5.996680859652705,2.9940740395669665,-0.021570772703262107,3.331472360881299,-1.6564138386588996,3.8646970283962427,0.588755967595574,-1.3117462576855259,2.5143671585120364,-0.8299245781907719,0.656462339293112,2.2429001112625033,3.3480239959837874,-1.971024978919989,-0.6544284529636815,1.265498016863384,0.3641947219066912,0.5997252184472558,-1.1916105579961804,-0.5436997493612484,-1.4119732177168483,0.6937505287583008,-0.16011728604356198,-0.021059728422565448,-1.576963656095155,1.1854059026111512,
-2.579710263805571,-4.846951449557383,-1.6260156550841738,0.873520009537084,3.2121840168006313,0.3495613135004871,-0.5919590304435021,0.5228756527245393,-2.1085741951701054,-0.19728040162221955,0.4938091058717112,-0.7856325119225432,0.14956531175835633,-0.8063747096401375,-0.18238960701761642,1.2423629450673288,0.2866996666469712,0.26533804018355484,0.48667884487309004,0.6233898709055828,0.17483534453421828,-0.2759258892648238,-0.8344382489769603,-0.6911671611614821,0.5162027778737088,0.6906852742800819,-0.3093408884001623,1.0489853215571694,-0.06501347859527713,
-4.373156598875752,-0.9511485993349706,-1.957364894754401,-0.6804915271288672,-2.563251489895573,1.648832307515954,2.84845104978323,1.6574994481141068,2.4616533904859765,-1.1278620770771888,-0.07867796028796534,-0.01686913799104102,-0.8605568898824939,0.22027110660380814,0.5901544992054054,2.345660687087541,-0.5809545272598486,-0.07078021360082287,0.4171266920632871,-0.7936914491281133,0.6448147497580452,0.3739272655263395,-0.3891657169154819,-1.0371307860247199,-0.3928307757463212,-0.1716021195220785,-0.21261581988055545,0.47799367272841425,1.0468016390116426,
0.5480370203604586,-0.595226572630348,-1.018894674624594,-1.9157883490995267,0.3280147131211387,1.7255554845233882,4.288450823590134,0.5807149395162632,-0.61902525034636,3.4538151453612014,0.12159097589884539,-1.2517711155858653,-0.975652926502389,-0.726033976625527,0.6228677655880184,1.2699084260261173,-0.9266493197413168,-2.701574744948265,3.3633657241847947,0.25762256610041073,0.21798183225907125,1.4753436546800511,-0.15054164876414897,0.5832428719478729,1.0131004084173638,-0.511276378934518,0.7599907192543128,0.29731998535915916,-0.06459641591177269,
-4.766486792927749,2.2207815413617227,-1.6824795223857791,-0.6255579672425734,-1.232128099148972,0.5788206213265148,-0.49410349385326147,-1.068813158905171,2.0828714867886062,3.803864478525845,1.2983876598769035,0.6095368740837283,1.9205673961100187,0.14646687751045379,-2.2222925005324115,-1.7946458094249753,2.315016220724674,-0.8416145710960654,0.38568263564558275,1.0835530796051727,2.6227883125881357,0.7703316379475319,-0.7615917853962509,0.7858602472027326,-1.7464622797897984,-0.3250938995057584,1.689526274889969,0.7607634006516378,-0.54977450039482,
3.8710041972559486,-4.995058093916723,1.201857351148467,4.226158120965289,0.2011763373229065,-1.3136845145997287,-2.4829499249033002,4.971753937968946,-0.14331717043606612,2.0234319311860376,-0.6188235564260037,-2.246728729430768,-1.9485096792081493,2.698955190202764,-0.042585557943375534,-0.14761512119016676,0.2824890430854094,0.32153858589896844,-0.4387522924568472,1.7629970411897147,0.06481959921035449,-0.9545362873334119,-0.8513362522283744,-1.5470399175445453,-0.4147643764208086,-1.5069846496895016,1.9710866603038195,-0.8025794640914508,-1.1313155809752222,
10.174636690992681,-6.910601058945203,5.395647777359736,-0.02963301554544887,2.566197173789729,-2.8486546436495317,0.39165818399198926,-0.7531588352283423,0.25055458950515597,-0.3157747209287754,-1.0762027574494937,-0.9791729793235179,-0.09209581076562658,0.9625445105407174,-1.5081981664114523,1.4599294844630735,2.057795236822916,-3.3013112031478937,0.2287139246143671,-0.18398850005627673,0.09396619144267139,-1.8035224992686871,2.4207877226574146,-0.00033487842972588307,0.0238886331132542,0.16032304812964226,1.217167873991988,-0.06302175940137196,-0.2971893903609407,
7.707526499405894,-5.706438910802722,-0.913466616477957,-5.270012702295378,4.633375554561716,3.342852217688659,1.4983585539230813,-1.1059520829926652,2.389916793198371,0.3354859141965912,0.9774320610264212,3.1252589781868014,-1.0563280563128412,-1.9041359592504281,-2.013080256845536,-0.33417134430457146,-0.7402860080893602,1.7319287757544575,0.644913119658263,1.420323119137307,-1.2031435483898698,0.29708873258067237,1.3143295592291648,0.5201422231723318,-0.21558079371482852,-0.05561077389317485,-0.7036255772251243,0.3878328175413149,0.5501312233653786,
-3.367700126583334,-0.0926566681824065,-2.1667059186081157,-0.3605795125856275,0.9487657641890161,2.040442730257449,1.9637570727447649,0.21550768724059904,1.316171038464058,-0.33524379908911744,1.0420872455822727,0.4761546935158889,0.25493113456347066,-0.11864951937390542,-1.8927980377203881,-0.6313334763924809,1.0511962913836614,-0.46724342585966955,1.0144560143517394,-0.40643049158420413,0.5415145841443635,-1.3563802818184234,-0.15325483743483717,1.1174348481068166,-2.1422886071733904,0.28438836798506356,0.19941305667027845,-1.0161198480746338,-0.7904262452050524,
0.6892861699088956,-4.551611869773294,-3.7761170880199253,-0.8541077758714084,-1.7351294468357756,0.5714450029724828,-0.1881672614613004,-0.3230757879848674,-0.2805276858441726,-0.5010262428551852,1.1310105812871822,-0.21020152634707584,0.022612701067050038,-0.3078311952725368,0.23617575806092486,-0.0002839147691807202,0.7741267088867776,0.7693861055270389,0.9892546576442963,-0.20681431220860927,0.27228215018728796,-0.5179948633515769,-0.03996580337958505,-0.7265512481160903,0.2831275096521772,0.09083159824619315,0.47532905715094653,-0.9556564574532483,0.4511138659762371,
2.315389129690613,-0.025073331573610372,3.093554695590629,-4.0121980123909164,-0.38908486442374035,-2.192771360257889,-1.1839003314699417,-0.34636709306518715,-4.804728067548072,0.5671597166164773,-1.419963338740557,0.29851616359025757,-0.7078075368970101,-1.5248088001099755,-0.4592642680690153,2.36451538286385,-0.013371172051824205,-0.12215016822398593,1.8503406312590984,2.291806918935909,0.022249269724314902,-0.19581293120949986,0.5144634011221088,-0.16130693863501772,-1.7080292143148046,-1.632749061542566,-1.2413718331636376,-1.1522829554961658,1.3739373036766482,
-6.513214605714402,-1.8569424453817722,-0.7381268770481002,1.5088175365538352,-0.7292976324313127,2.1380903443668293,4.109755570309494,2.2694591618993134,2.196031200845103,0.933312532217322,-1.8091930783986674,1.005736283436235,0.7270502973521187,-0.29762719034198226,-1.084691405675341,-3.068460029983704,-0.39126058673993735,0.5769145470079816,-1.7667110935962778,1.9873018558831081,0.23304468325829117,1.1059947501420704,1.8171513900829281,0.8200192352367839,0.6538722405971195,-1.3404084377506313,-0.9770547456755762,1.3372222283359083,2.001667010285826,
-1.5553484953525003,0.567477739601327,-1.672938444207768,1.3638579991498136,-0.1342623160284819,0.07719879776414536,-1.747072412648917,-1.5178791236461684,-0.03593602480772951,-1.2007756213361944,-0.26093883927104433,-1.8316468473758782,1.0568945032385724,-1.3939417131369636,0.07958884933785607,-0.8997132204982725,1.0615563957750644,0.03097816923201719,-0.028919405069885693,-0.9181729834771516,0.8497169704201026,-0.5903032603961863,-0.20397928257057807,0.10566818600615671,0.9576503432470668,-0.3626784244397401,0.42703599006961174,0.5613643551730161,0.5006165093438054,
0.63131976958826,-3.250164554874779,0.424971563899783,-1.7748417265798329,0.7660768066859455,0.757050753627818,1.0733977818512608,-3.5398501663896753,0.1060798589083487,-2.057074899322967,-0.44373483984270445,-1.813231595145145,-1.531058337435017,0.8373513270428088,2.4585782721719074,-0.7390458554914392,0.16824504389231978,0.28539749226619293,0.05370338045472767,0.3198564393521299,1.87433532096844,-0.24867659609193113,-0.6198689289772471,-0.19282050457307148,-0.5584320191958774,0.38924761476779046,-0.8325901296348034,0.5033695120757562,0.717535211501163,
0.5766641172853915,0.15525001405286742,-1.2409838338685013,0.37236916194926384,-1.2878513022616869,-0.5050837733895627,1.094468039869975,0.26510810462880213,-2.0527652357495385,-0.2310280104199146,1.042051415812437,1.7356806335031905,0.6809911601479597,-1.1422590729483548,0.28186705384048233,-1.3855995402755878,-1.4599628522035937,1.0732673881117922,-0.6728719503056487,-0.7236936779202314,-0.14688673481450687,-0.7108025297787709,1.4939434755384484,-0.7683232904871943,-0.9069895078070968,-0.619758012214338,-2.030130633282677,0.42711232359166534,-0.18768505711050495,
